nama_gambar,mean,median,modus,mean_relative
10084_35_1_01272020_20_wrp.tiff,89.9515706343144,95.0,102,0.4734293191254788
10084_35_1_01272020_80_wrp.tiff,67.73518728107008,70.0,70,0.37840886748989766
10084_35_1_02222021_20_wrp.tiff,88.3517956590516,105.0,5,0.4507744676459226
10084_35_1_02222021_80_wrp.tiff,72.87486243616424,85.0,6,0.3855812827289876
10085_35_1_01272020_20_wrp.tiff,82.82178588469692,86.0,77,0.45257806494122593
10085_35_1_01272020_80_wrp.tiff,64.00196140492868,65.0,63,0.3721044267706778
10085_35_1_02222021_20_wrp.tiff,86.75803986263989,100.0,5,0.44264306052141456
10085_35_1_02222021_80_wrp.tiff,70.8577941481497,82.0,6,0.3690510111863575
10105_24_3_03012021_20_wrp.tiff,103.57608491653306,116.0,8,0.5153039050548147
10105_24_3_03012021_80_wrp.tiff,91.26026210303655,101.0,104,0.48802279199223814
10109_24_3_03012021_20_wrp.tiff,108.26751743242149,125.0,126,0.5155596068185997
10109_24_3_03012021_80_wrp.tiff,95.96274601889479,108.0,109,0.46811095618744725
10195_24_3_03012021_20_wrp.tiff,103.09328436702441,119.0,8,0.5103627938936339
10195_24_3_03012021_80_wrp.tiff,90.21273789421305,102.0,109,0.4674235124028271
10196_24_3_03012021_20_wrp.tiff,114.63149004030659,131.0,9,0.5537753142017044
10196_24_3_03012021_80_wrp.tiff,99.42240043861591,112.0,118,0.5288425555217398
10209_15_2_01142020_20_wrp.tiff,123.31659770726289,131.0,134,0.5554801698500333
10209_15_2_01142020_80_wrp.tiff,195.34300160790312,211.0,255,0.7660509866946552
10319_34_5_01202020_20_wrp.tiff,107.13398769945448,115.0,116,0.5383617472307343
10319_34_5_01202020_80_wrp.tiff,128.97336908608568,137.0,136,0.5264219146349358
10321_34_5_01202020_20_wrp.tiff,108.84265986749615,117.0,119,0.5469480395324081
10321_34_5_01202020_80_wrp.tiff,128.69709105872204,137.0,137,0.5523480302925738
10322_34_5_01202020_20_wrp.tiff,106.3007829098886,114.0,114,0.5315039145467855
10322_34_5_01202020_80_wrp.tiff,124.93907078017321,133.0,135,0.5455854619197713
10326_34_5_01202020_20_wrp.tiff,108.32945958107702,117.0,120,0.5443691436207672
10326_34_5_01202020_80_wrp.tiff,127.384395168653,136.0,137,0.5307683132005093
10327_34_5_01202020_20_wrp.tiff,101.84684595701239,109.0,111,0.5169890657690123
10327_34_5_01202020_80_wrp.tiff,121.47395411482782,128.0,126,0.5169104430396209
10328_34_5_01202020_20_wrp.tiff,99.36501106186863,105.0,101,0.5069643421498045
10328_34_5_01202020_80_wrp.tiff,120.76565986734461,127.0,126,0.4889297970318044
10329_34_5_01202020_80_wrp.tiff,126.58692208674768,135.0,136,0.5209338357457891
10332_34_5_01202020_20_wrp.tiff,110.59012310347033,118.0,118,0.5501996174274634
10332_34_5_01202020_80_wrp.tiff,129.84306932466603,139.0,139,0.529971711527086
10333_34_5_01202020_20_wrp.tiff,106.3619879848929,114.0,114,0.5318099399218055
10333_34_5_01202020_80_wrp.tiff,125.80740937027913,134.0,136,0.5641587864112779
2529_36_1_08062019_20_wrp.tiff,86.08428481852738,91.0,90,0.475603783525148
2529_36_1_08062019_80_wrp.tiff,103.42551166543753,111.0,115,0.5530776024860131
2530_36_1_08062019_20_wrp.tiff,83.7304078973664,93.0,97,0.4293867071637796
2530_36_1_08062019_80_wrp.tiff,100.27356883939042,110.0,113,0.5391052088110286
2531_36_1_08062019_20_wrp.tiff,100.42383639846663,107.0,108,0.5203307585385819
2531_36_1_08062019_80_wrp.tiff,116.17207448943175,126.0,132,0.5779705198450437
2532_36_1_08062019_20_wrp.tiff,131.67940003862782,143.0,144,0.6040339451285495
2532_36_1_08062019_80_wrp.tiff,101.88914022632528,109.0,112,0.550752109328511
2533_36_1_08062019_20_wrp.tiff,117.1221492473527,127.0,125,0.5856107462338355
2533_36_1_08062019_80_wrp.tiff,102.2532872826342,110.0,111,0.552720471795035
2989_34_5_01202020_80_wrp.tiff,127.48715891157443,136.0,136,0.5379205017343313
3159_30_4_12222015_20_wrp.tiff,116.76908200789325,125.0,121,0.5189736978105524
3159_30_4_12222015_80_wrp.tiff,131.67096834783067,142.0,143,0.5163567386169189
3160_30_4_12222015_20_wrp.tiff,114.24887391138708,124.0,129,0.6013098626883462
3160_30_4_12222015_80_wrp.tiff,133.4391167313875,146.0,149,0.5536892810408042
3161_38_2_12222015_20_wrp.tiff,109.68485114448013,120.0,125,0.5376708389408945
3161_38_2_12222015_80_wrp.tiff,133.5873469880923,143.0,147,0.5238719489708565
3179_24_2_02262021_20_wrp.tiff,101.98892923553404,120.0,122,0.5024085183991707
3179_24_2_02262021_80_wrp.tiff,112.06545162854943,127.0,13,0.5212346587350148
3185_38_2_12162015_20_wrp.tiff,109.76076132244843,119.0,126,0.5251711068034606
3185_38_2_12162015_80_wrp.tiff,138.4340448390064,148.0,6,0.5428786072096609
3186_38_2_12162015_20_wrp.tiff,98.01869884411819,107.0,115,0.48048381786096916
3186_38_2_12162015_80_wrp.tiff,122.4126114295313,131.0,136,0.5058372373100226
3187_38_2_12162015_20_wrp.tiff,102.85134435945464,112.0,117,0.49447761711038546
3187_38_2_12162015_80_wrp.tiff,132.07633563516706,141.0,143,0.5179464142535259
3188_38_2_12162015_20_wrp.tiff,108.78188863508865,119.0,128,0.5255163702152809
3188_38_2_12162015_80_wrp.tiff,137.37794975425308,147.0,155,0.5387370578577033
3189_38_2_12162015_20_wrp.tiff,94.91366125728811,104.0,111,0.48673672439385324
3189_38_2_12162015_80_wrp.tiff,122.19051061037226,131.0,137,0.5091271275410963
3190_38_2_12162015_20_wrp.tiff,108.72178836387694,118.0,127,0.5080457400157425
3190_38_2_12162015_80_wrp.tiff,135.42874002346989,144.0,148,0.5310930981291717
3191_38_2_12162015_20_wrp.tiff,103.01763907341628,109.0,112,0.5074760545463488
3191_38_2_12162015_80_wrp.tiff,132.84964853895852,142.0,147,0.5209790138762257
3195_30_4_12162015_20_wrp.tiff,117.43783233166684,126.0,127,0.5592277730052744
3195_30_4_12162015_80_wrp.tiff,136.7706842357196,151.0,154,0.5427408104570511
3197_30_4_12162015_20_wrp.tiff,126.68322020993092,137.0,142,0.5784621927367692
3197_30_4_12162015_80_wrp.tiff,139.96792370537509,153.0,164,0.5576411302980775
3199_30_4_12162015_20_wrp.tiff,126.80020278393333,137.0,146,0.598114164072336
3199_30_4_12162015_80_wrp.tiff,139.75468715914067,152.0,161,0.575122169376813
3201_30_4_12162015_20_wrp.tiff,104.40252437439064,110.0,128,0.47672385558864805
3201_30_4_12162015_80_wrp.tiff,124.56735083672089,133.0,146,0.492361070498927
3236_24_4_02242021_20_wrp.tiff,88.26567242929168,92.0,92,0.47711174285845714
3236_24_4_02242021_80_wrp.tiff,112.41791382046443,117.0,115,0.5133238073970371
3237_24_4_02242021_20_wrp.tiff,88.79420358841062,94.0,96,0.4825771934126525
3237_24_4_02242021_80_wrp.tiff,110.77522692208606,116.0,116,0.5275010805788504
3240_38_2_12222015_20_wrp.tiff,107.31185420972707,117.0,122,0.5338898219362845
3240_38_2_12222015_80_wrp.tiff,134.6449129955832,144.0,151,0.5280192666472753
3245_5_5_01172020_20_wrp.tiff,80.7449147065992,86.0,88,0.4249732352956539
3245_5_5_01172020_80_wrp.tiff,111.4145270065307,119.0,123,0.5182071023535465
3245_5_5_02022021_20_wrp.tiff,79.82963660337012,85.0,86,0.4268964524221563
3245_5_5_02022021_80_wrp.tiff,111.95331028681198,120.0,124,0.49318638892651456
3245_5_5_08012017_20_wrp.tiff,33.47143184601351,34.0,34,0.19923471336794213
3245_5_5_08012017_80_wrp.tiff,113.25079875878399,121.0,124,0.4902631980878516
3246_5_5_01172020_20_wrp.tiff,86.478955929026,93.0,96,0.45756061337866905
3246_5_5_01172020_80_wrp.tiff,120.0113096577354,129.0,132,0.540591484942319
3246_5_5_02022021_20_wrp.tiff,84.75018377458122,91.0,93,0.45810910148174655
3246_5_5_02022021_80_wrp.tiff,117.58365944261918,126.0,131,0.5344711792822032
3246_5_5_08012017_20_wrp.tiff,40.729889603343075,42.0,44,0.2627734813101955
3246_5_5_08012017_80_wrp.tiff,116.71713772659747,125.0,130,0.5479677827514061
3247_5_5_01172020_20_wrp.tiff,72.68288624822125,78.0,82,0.3886785360846662
3247_5_5_01172020_80_wrp.tiff,101.5532260620598,109.0,114,0.49297682554158656
3247_5_5_02022021_20_wrp.tiff,65.01355979947398,68.0,68,0.3591909381166563
3247_5_5_02022021_80_wrp.tiff,94.86555306872329,101.0,106,0.467317995410128
3248_25_3_01202020_20_wrp.tiff,135.32269429976537,147.0,157,0.568582749156289
3248_25_3_01202020_80_wrp.tiff,161.93211995848307,175.0,179,0.6350279214033256
3248_25_3_02082021_20_wrp.tiff,129.1490807465208,141.0,151,0.5449328301517969
3248_25_3_02082021_80_wrp.tiff,157.9784912163594,170.0,176,0.6195234949636859
3248_25_3_08012017_20_wrp.tiff,51.23036363756199,55.0,58,0.30861664841718905
3248_25_3_08012017_80_wrp.tiff,119.78213568472637,128.0,131,0.4697338654284574
3249_25_3_01202020_20_wrp.tiff,132.47978001831768,140.0,155,0.5710335345592529
3249_25_3_01202020_80_wrp.tiff,157.65123869510583,167.0,255,0.6182401517430887
3249_25_3_02082021_20_wrp.tiff,128.10550494351824,137.0,144,0.5545692854673753
3249_25_3_02082021_80_wrp.tiff,154.94383378292412,164.0,255,0.6076228775777117
3249_25_3_08012017_20_wrp.tiff,51.97369242263555,54.0,51,0.3021726303624034
3249_25_3_08012017_80_wrp.tiff,64.74743544085436,67.0,71,0.34998613751623986
3253_25_4_01202020_20_wrp.tiff,133.61568439244257,143.0,150,0.5912198424418201
3253_25_4_01202020_80_wrp.tiff,195.59563672204158,212.0,255,0.7670417126324491
3253_25_4_02082021_20_wrp.tiff,134.28208267553788,143.0,154,0.5889565029603023
3253_25_4_02082021_80_wrp.tiff,193.8387666711073,210.0,255,0.7601520261582241
3253_25_4_08012017_20_wrp.tiff,88.12113448869336,95.0,100,0.4495976249400192
3253_25_4_08012017_80_wrp.tiff,137.68285391158477,146.0,156,0.53993276043547
3254_25_4_01202020_20_wrp.tiff,124.82539147844638,133.0,140,0.5699789565199835
3254_25_4_01202020_80_wrp.tiff,189.65365914119016,205.0,255,0.7437398397664566
3254_25_4_02082021_20_wrp.tiff,123.31517980468045,131.0,140,0.5656659624041963
3254_25_4_02082021_80_wrp.tiff,188.4329867375014,203.0,255,0.7389528891637743
3254_25_4_08012017_20_wrp.tiff,81.67977701922433,87.0,89,0.43216813237456175
3254_25_4_08012017_80_wrp.tiff,131.5774092732389,140.0,154,0.5159898402851879
3255_5_6_01172020_20_wrp.tiff,48.73662113459296,52.0,54,0.3046038820893022
3255_5_6_01172020_80_wrp.tiff,74.88412684501715,80.0,82,0.42307416296380834
3255_5_6_01282021_20_wrp.tiff,43.73740485625928,46.0,48,0.27681901807583836
3255_5_6_01282021_80_wrp.tiff,72.6273699511397,76.0,78,0.4247214617000876
3255_5_6_07262017_20_wrp.tiff,87.83413721643421,94.0,98,0.4697012685345696
3255_5_6_07262017_80_wrp.tiff,131.61862630402425,141.0,146,0.560079260865805
3256_5_6_01172020_20_wrp.tiff,48.26290154762147,50.0,50,0.30354026130388634
3256_5_6_01172020_80_wrp.tiff,74.74693942167207,79.0,79,0.4199266259620907
3256_5_6_01282021_20_wrp.tiff,44.243054106491435,45.0,45,0.28180289239623973
3256_5_6_01282021_80_wrp.tiff,74.21527117797928,77.0,77,0.42652454699742964
3256_5_6_07262017_20_wrp.tiff,88.85845136363677,94.0,93,0.4803159533143593
3256_5_6_07262017_80_wrp.tiff,74.12905601421234,77.0,77,0.41645537086402185
3257_5_6_01282021_20_wrp.tiff,80.36850356666488,86.0,94,0.4391721506351132
3257_5_6_01282021_80_wrp.tiff,99.04460135085908,106.0,107,0.5158572986997043
3277_24_2_02242021_20_wrp.tiff,108.38576971692964,127.0,7,0.5339200478640184
3277_24_2_02242021_80_wrp.tiff,120.60587505199133,137.0,14,0.5557874426333436
3280_15_2_01142020_20_wrp.tiff,64.49839185317613,65.0,59,0.3505347383305739
3280_15_2_01142020_80_wrp.tiff,114.39531184688288,118.0,115,0.4503752434898918
3280_15_2_02182021_20_wrp.tiff,90.09899751422228,92.0,92,0.45504544198872343
3280_15_2_02182021_80_wrp.tiff,129.56635411721555,134.0,134,0.5081033494772841
3285_15_2_02182021_20_wrp.tiff,174.77762079262405,188.0,200,0.6854024344781908
3285_15_2_02182021_80_wrp.tiff,208.72830146775277,227.0,255,0.8185423586938597
3286_15_2_02182021_20_wrp.tiff,153.01014043142106,163.0,188,0.6071830969476741
3286_15_2_02182021_80_wrp.tiff,202.98207478750317,221.0,255,0.7960081364184595
3298_15_2_01142020_20_wrp.tiff,119.60626882937251,126.0,134,0.5222981171565512
3298_15_2_01142020_80_wrp.tiff,191.75568353756245,206.0,255,0.7519830726933744
3305_15_2_01142020_20_wrp.tiff,65.34438667478153,67.0,68,0.34573749563193545
3305_15_2_01142020_80_wrp.tiff,118.90217878061333,123.0,127,0.46628305403979237
3305_15_2_02182021_20_wrp.tiff,103.11298746020844,108.0,115,0.48868714435886146
3305_15_2_02182021_80_wrp.tiff,137.28520505363323,143.0,148,0.5383733531493916
3311_15_2_01142020_20_wrp.tiff,84.20390348880444,87.0,103,0.4210195174419171
3311_15_2_01142020_80_wrp.tiff,136.66456665769542,142.0,165,0.5359394770868999
3315_15_2_01142020_20_wrp.tiff,95.32741076799051,103.0,116,0.46729122925256483
3315_15_2_01142020_80_wrp.tiff,154.55540710226907,164.0,183,0.606099635692796
3315_15_2_02182021_20_wrp.tiff,121.39779184700947,132.0,146,0.53715837100209
3315_15_2_02182021_80_wrp.tiff,163.97731289539502,174.0,255,0.6430482858617724
3327_34_10_03142016_20_wrp.tiff,71.0880567730456,73.0,69,0.3801500362174623
3327_34_10_03142016_80_wrp.tiff,115.797804095124,120.0,118,0.5216117301558666
3333_34_10_03142016_20_wrp.tiff,78.04040102670447,82.0,80,0.4173283477341559
3333_34_10_03142016_80_wrp.tiff,119.24976133290721,126.0,132,0.5546500527086166
3339_34_10_03142016_20_wrp.tiff,71.95446671066821,75.0,73,0.3847832444400184
3339_34_10_03142016_80_wrp.tiff,119.17588194728121,127.0,128,0.52270123660859
3340_34_8_03142016_20_wrp.tiff,122.57436389801944,126.0,132,0.4844836517689129
3340_34_8_03142016_80_wrp.tiff,96.79536858930713,99.0,100,0.3825903896795437
3346_34_8_03152016_20_wrp.tiff,117.42541353196935,129.0,141,0.510545276223734
3346_34_8_03152016_80_wrp.tiff,98.86599202277607,104.0,112,0.41540332782504485
3353_34_8_03152016_20_wrp.tiff,117.63715667706805,127.0,134,0.5092517605045835
3353_34_8_03152016_80_wrp.tiff,100.48103491131958,103.0,104,0.3987342655195272
3354_36_6_03152016_20_wrp.tiff,156.30795074593098,169.0,171,0.6885812808160459
3354_36_6_03152016_80_wrp.tiff,173.47363545867103,188.0,191,0.6802887665019245
3358_36_6_03152016_20_wrp.tiff,160.52087616116307,173.0,166,0.6660617268070416
3358_36_6_03152016_80_wrp.tiff,177.97646435123326,193.0,191,0.6979469190217071
3359_36_4_03162016_20_wrp.tiff,157.11518491205072,164.0,163,0.6161379800448415
3359_36_4_03162016_80_wrp.tiff,150.14671399539392,159.0,160,0.5888106431168828
3360_36_4_03162016_20_wrp.tiff,153.96227965477837,162.0,165,0.6037736457026455
3360_36_4_03162016_80_wrp.tiff,155.00351324745165,164.0,165,0.6078569146935051
3366_36_5_03162016_20_wrp.tiff,150.41324051890598,157.0,152,0.6016529620732173
3366_36_5_03162016_80_wrp.tiff,145.9817335761885,154.0,155,0.5724773865710433
3371_36_7_03182016_20_wrp.tiff,74.1807094757995,76.0,94,0.4144173713708664
3371_36_7_03182016_80_wrp.tiff,128.733397412509,134.0,146,0.5597104235302143
3373_36_7_03162016_20_wrp.tiff,105.76876516227256,108.0,98,0.5368972850849526
3373_36_7_03162016_80_wrp.tiff,121.12716011007285,124.0,118,0.5176374363656205
3375_36_5_03162016_20_wrp.tiff,149.67025768393495,158.0,168,0.6035091035618203
3375_36_5_03162016_80_wrp.tiff,145.86588956472946,155.0,160,0.5765450180401301
3381_34_4_03172016_20_wrp.tiff,97.16474776184437,106.0,114,0.46939491672161826
3381_34_4_03172016_80_wrp.tiff,163.42549559888653,176.0,255,0.6408842964637085
3382_34_4_03172016_20_wrp.tiff,105.44061967522609,116.0,126,0.5069260561284575
3382_34_4_03172016_80_wrp.tiff,109.47788099967573,117.0,122,0.5188525165836819
3383_34_4_03172016_20_wrp.tiff,113.7458021639309,113.0,95,0.512368478213597
3383_34_4_03172016_80_wrp.tiff,113.0247872784805,116.0,122,0.5160949190774631
3384_34_4_03172016_20_wrp.tiff,112.04422447745812,115.0,104,0.5465571925703003
3384_34_4_03172016_80_wrp.tiff,116.97703215177832,122.0,124,0.5543935173043788
3387_34_4_03172016_20_wrp.tiff,109.49169927724796,115.0,118,0.5341058501303115
3387_34_4_03172016_80_wrp.tiff,112.37221455616948,118.0,123,0.5275690824208541
3388_34_4_03172016_20_wrp.tiff,119.83101513640386,122.0,117,0.5522166596122196
3388_34_4_03172016_80_wrp.tiff,118.096970798524,123.0,123,0.5760827843802337
3389_34_4_03172016_20_wrp.tiff,120.19550016421664,122.0,122,0.541421171908447
3389_34_4_03172016_80_wrp.tiff,127.85781278216203,130.0,131,0.5053668489393545
3393_34_4_03172016_20_wrp.tiff,107.01356318427088,116.0,126,0.49543316288784933
3393_34_4_03172016_80_wrp.tiff,105.54897547852528,113.0,122,0.5002321112702609
3394_30_1_03182016_20_wrp.tiff,116.15781676620912,121.0,124,0.4721862470151908
3394_30_1_03182016_80_wrp.tiff,144.17682589880434,151.0,159,0.5653993172479959
3395_30_1_03182016_20_wrp.tiff,120.66184182371714,125.0,125,0.513454646056186
3395_30_1_03182016_80_wrp.tiff,146.90168533828634,155.0,160,0.5760850405400403
3396_30_1_04042016_20_wrp.tiff,119.1214060222045,123.0,122,0.5365829100075131
3396_30_1_04042016_80_wrp.tiff,111.13179881815739,115.0,118,0.43752676699889714
3399_24_3_03012021_20_wrp.tiff,129.76951478784056,137.0,141,0.6150213970958557
3399_24_3_03012021_80_wrp.tiff,98.68369833437431,103.0,101,0.5009324788521492
3400_24_3_03012021_20_wrp.tiff,120.93140056578457,139.0,146,0.5350946927665906
3400_24_3_03012021_80_wrp.tiff,110.46954514831961,125.0,127,0.5285624169750768
3401_24_3_03012021_20_wrp.tiff,101.42042126536144,115.0,8,0.5227856766228797
3401_24_3_03012021_80_wrp.tiff,90.51911081201717,101.0,103,0.4789370942409431
3402_24_3_03012021_20_wrp.tiff,109.43729824645754,126.0,129,0.5338404792484084
3402_24_3_03012021_80_wrp.tiff,94.78934595135873,106.0,108,0.4936945101607554
3404_24_3_03012021_20_wrp.tiff,114.45690056665103,132.0,138,0.5529318867927444
3404_24_3_03012021_80_wrp.tiff,98.9440476762408,111.0,116,0.5126634594597314
3411_30_1_03182016_20_wrp.tiff,120.11338763754338,120.0,118,0.4710328926944014
3411_30_1_03182016_80_wrp.tiff,128.46475042584342,129.0,126,0.5037833350013319
3413_38_4_01292021_20_wrp.tiff,81.2722248994707,93.0,4,0.43001177195259627
3413_38_4_01292021_80_wrp.tiff,107.76581215689197,120.0,6,0.5181048661364128
3416_38_4_01292021_20_wrp.tiff,86.04728532884478,98.0,5,0.4481629444187324
3416_38_4_01292021_80_wrp.tiff,113.2045789747271,128.0,7,0.5216800874387346
3417_38_4_01292021_20_wrp.tiff,75.05386641901406,85.0,3,0.3868756000960164
3417_38_4_01292021_80_wrp.tiff,102.30032764521783,117.0,5,0.5039425007128764
3420_38_4_01292021_20_wrp.tiff,71.68123483623506,81.0,4,0.3752944232243967
3420_38_4_01292021_80_wrp.tiff,103.58435619036271,118.0,7,0.4840390476162555
3427_38_4_01292021_20_wrp.tiff,90.395946212894,103.0,5,0.4659584856310724
3427_38_4_01292021_80_wrp.tiff,115.98402003713522,131.0,8,0.5419814020401553
3436_38_4_01292021_20_wrp.tiff,81.27591219076548,92.0,4,0.4233120426580322
3436_38_4_01292021_80_wrp.tiff,106.23148385553301,120.0,5,0.4987393608217572
3441_38_4_01292021_20_wrp.tiff,79.07875470083438,91.0,3,0.42515459516349047
3441_38_4_01292021_80_wrp.tiff,103.74746007611105,118.0,4,0.5110712318995073
3452_38_4_01292021_20_wrp.tiff,89.43669601733625,102.0,4,0.46340257003561064
3452_38_4_01292021_80_wrp.tiff,115.10555258463884,131.0,5,0.5455239458961769
3453_38_4_01292021_20_wrp.tiff,89.58323810209657,102.0,4,0.4617692685651279
3453_38_4_01292021_80_wrp.tiff,112.03062370693085,127.0,8,0.5360316923750948
3456_38_4_01292021_20_wrp.tiff,82.12031878038339,94.0,98,0.43914608973232216
3456_38_4_01292021_80_wrp.tiff,109.48145067666891,124.0,5,0.5340558569567554
3457_38_4_01292021_20_wrp.tiff,89.45760928799318,101.0,5,0.45875697070530475
3457_38_4_01292021_80_wrp.tiff,112.85572037928779,128.0,7,0.5249103273430832
3458_38_4_01292021_20_wrp.tiff,83.19737324608455,95.0,3,0.44019774204044637
3458_38_4_01292021_80_wrp.tiff,109.88945517837001,125.0,5,0.5232831198945083
3459_38_4_01292021_20_wrp.tiff,99.2119218968631,114.0,4,0.5481321651730109
3459_38_4_01292021_80_wrp.tiff,123.34113274565784,141.0,5,0.55810467305475
3463_38_4_01292021_20_wrp.tiff,94.1834369343649,107.0,5,0.4732836026828725
3463_38_4_01292021_80_wrp.tiff,117.90988682975043,133.0,8,0.535954031041884
3465_38_4_01292021_20_wrp.tiff,90.09849767704938,103.0,4,0.45735278008422353
3465_38_4_01292021_80_wrp.tiff,117.67727610105075,133.0,8,0.5277007896884442
3471_38_4_01292021_20_wrp.tiff,87.32879770760839,97.0,5,0.447839988241849
3471_38_4_01292021_80_wrp.tiff,120.32795250515439,135.0,8,0.5209002272927856
3500_24_2_02262021_20_wrp.tiff,107.12226727203888,127.0,7,0.5303082538193494
3500_24_2_02262021_80_wrp.tiff,119.84157645710323,136.0,14,0.5600073666193609
3501_24_2_02262021_20_wrp.tiff,101.72797739053824,119.0,7,0.5036038484655181
3501_24_2_02262021_80_wrp.tiff,113.59796248488946,129.0,13,0.5234929146744975
3501_24_2_08172016_20_wrp.tiff,118.00454292717218,124.0,124,0.5540119386226205
3501_24_2_08172016_80_wrp.tiff,135.2878222466648,139.0,132,0.530540479396605
3502_24_2_02262021_20_wrp.tiff,107.78677772720819,127.0,130,0.5283665574837246
3502_24_2_02262021_80_wrp.tiff,119.32710963397784,136.0,13,0.5628637246859197
3503_24_2_02242021_20_wrp.tiff,94.47531108111424,109.0,6,0.47237655540320933
3503_24_2_02242021_80_wrp.tiff,104.44632659426514,118.0,12,0.4997431894438536
3504_24_2_02262021_20_wrp.tiff,108.51685574580183,128.0,7,0.5345657918486073
3504_24_2_02262021_80_wrp.tiff,121.37578688321439,138.0,14,0.5542273373637451
3534_15_1_01142020_20_wrp.tiff,103.43584540354534,110.0,116,0.502115754383705
3534_15_1_01142020_80_wrp.tiff,158.54472131876486,170.0,178,0.6217440051691887
3534_15_1_02182021_20_wrp.tiff,82.50296137215821,91.0,4,0.4166816230896037
3534_15_1_02182021_80_wrp.tiff,115.82955945528153,129.0,7,0.5147980420211855
3536_15_1_02182021_20_wrp.tiff,65.43023271944604,64.0,3,0.32391204316397093
3536_15_1_02182021_80_wrp.tiff,97.84968836613473,97.0,6,0.4043375552302909
3538_15_1_01142020_20_wrp.tiff,99.24972152791548,106.0,109,0.4817947646962801
3538_15_1_01142020_80_wrp.tiff,152.75047443214123,165.0,174,0.5990214683589891
3538_15_1_02182021_20_wrp.tiff,123.64442973080614,134.0,141,0.5645864371243907
3538_15_1_02182021_80_wrp.tiff,153.7282739801382,165.0,173,0.6028559763903347
3545_15_1_01142020_20_wrp.tiff,106.43419844183111,114.0,119,0.5020481058553258
3545_15_1_01142020_80_wrp.tiff,161.76235624332242,174.0,180,0.6343621813438748
3545_15_1_02182021_20_wrp.tiff,95.60940330443935,107.0,5,0.4709822822855585
3545_15_1_02182021_80_wrp.tiff,131.396621538431,147.0,8,0.5276972752526237
3547_15_1_01142020_20_wrp.tiff,44.821454427999015,38.0,12,0.23715055252784056
3547_15_1_01142020_80_wrp.tiff,89.30183504896647,85.0,42,0.3502032747004559
3548_15_1_02182021_20_wrp.tiff,75.13541513858017,81.0,4,0.38530982122151214
3548_15_1_02182021_80_wrp.tiff,109.18356058639756,119.0,6,0.47887526572771355
3549_15_1_01142020_20_wrp.tiff,44.56316083263912,41.0,26,0.23703808953405364
3549_15_1_01142020_80_wrp.tiff,89.82767760629055,87.0,65,0.35226540237622855
3549_15_1_02182021_20_wrp.tiff,64.89216897287642,69.0,4,0.34701694637716257
3549_15_1_02182021_80_wrp.tiff,94.92300447298825,102.0,6,0.45201430701207734
3551_15_1_01142020_20_wrp.tiff,52.68765861235749,52.0,41,0.29434446151990584
3551_15_1_01142020_80_wrp.tiff,98.29938703332361,101.0,120,0.4200828505679638
3554_15_1_02182021_20_wrp.tiff,72.50393992287967,73.0,4,0.36618151476016914
3554_15_1_02182021_80_wrp.tiff,96.41058536494143,100.0,6,0.4547669120966352
3555_15_1_01142020_20_wrp.tiff,55.008423535813556,55.0,75,0.3022440853599523
3555_15_1_01142020_80_wrp.tiff,103.99110800450477,108.0,127,0.4078082666827332
3555_15_1_02182021_20_wrp.tiff,67.8503845049027,73.0,4,0.3589967434102842
3555_15_1_02182021_80_wrp.tiff,101.2260203032984,110.0,6,0.45597306442721813
3555_15_1_05302017_80_wrp.tiff,77.66064378029341,81.0,99,0.3825647476842899
3558_15_1_01142020_20_wrp.tiff,54.19012553336205,54.0,66,0.2793305439849625
3558_15_1_01142020_80_wrp.tiff,93.37837185420503,96.0,100,0.38269824530255053
3558_15_1_02182021_20_wrp.tiff,64.27292280314066,69.0,3,0.338278541067381
3558_15_1_02182021_80_wrp.tiff,93.9502489413815,103.0,6,0.4516838891390857
3600_24_4_02242021_20_wrp.tiff,74.55509213080069,84.0,7,0.39447138693336625
3600_24_4_02242021_80_wrp.tiff,96.13089741753444,107.0,108,0.48550958291438856
3602_24_4_02242021_20_wrp.tiff,83.43790751472596,96.0,97,0.44619201879293996
3602_24_4_02242021_80_wrp.tiff,111.0220853434272,125.0,130,0.5389421618586808
3602_24_4_05172017_80_wrp.tiff,181.94654171904708,192.0,193,0.713515849875818
3603_24_4_02242021_20_wrp.tiff,87.08443687348155,99.0,108,0.4583391414369643
3603_24_4_02242021_80_wrp.tiff,113.98040576958412,128.0,136,0.5614798313744959
3604_24_4_02242021_20_wrp.tiff,87.10993429821642,101.0,107,0.47086450971754357
3604_24_4_02242021_80_wrp.tiff,112.89039918281226,128.0,132,0.5588633622883832
3607_24_4_02242021_20_wrp.tiff,97.48831793069206,111.0,119,0.48501650711545796
3607_24_4_02242021_80_wrp.tiff,123.35761369745158,138.0,145,0.5507036325754504
3608_24_4_02242021_20_wrp.tiff,85.73292256180969,95.0,8,0.4419222812441638
3608_24_4_02242021_80_wrp.tiff,111.40859751740471,122.0,25,0.515780544059671
3609_24_4_02242021_20_wrp.tiff,90.40168157113868,104.0,114,0.4659880493333644
3609_24_4_02242021_80_wrp.tiff,120.21747295271696,136.0,142,0.5439704658469366
3610_24_4_02242021_20_wrp.tiff,75.64086240300196,86.0,7,0.4179053171413484
3610_24_4_02242021_80_wrp.tiff,98.68282449091966,111.0,116,0.516664002567555
3611_24_4_02242021_20_wrp.tiff,91.61877289269472,105.0,9,0.47718110881363307
3611_24_4_02242021_80_wrp.tiff,117.54869391939685,132.0,27,0.557102814781231
3611_24_4_05172017_80_wrp.tiff,136.91095210923132,144.0,141,0.5657477359862214
3625_25_4_01202020_20_wrp.tiff,113.5605333551459,121.0,125,0.5512647250223042
3625_25_4_01202020_80_wrp.tiff,170.4378005610057,183.0,255,0.668383531609166
3625_25_4_02082021_20_wrp.tiff,109.25720016009126,117.0,122,0.5329619519978454
3625_25_4_02082021_80_wrp.tiff,165.16692796296695,176.0,255,0.6477134429894872
3626_25_4_01202020_20_wrp.tiff,113.37245801274189,122.0,134,0.5273137581963468
3626_25_4_01202020_80_wrp.tiff,170.06084525701107,179.0,255,0.6669052755150752
3626_25_4_02082021_20_wrp.tiff,109.48075252233484,117.0,127,0.5115923015038469
3626_25_4_02082021_80_wrp.tiff,164.45749264921676,173.0,255,0.6449313437198896
3628_25_4_01202020_20_wrp.tiff,110.60934206857054,118.0,134,0.5242148913177551
3628_25_4_01202020_80_wrp.tiff,159.8925852471904,170.0,190,0.6270297460649544
3635_25_4_01202020_20_wrp.tiff,106.24334560403202,111.0,142,0.4964642317922222
3635_25_4_01202020_80_wrp.tiff,154.05306409413834,159.0,187,0.6041296631118989
3635_25_4_02082021_20_wrp.tiff,102.8578393062487,107.0,138,0.4806441089054583
3635_25_4_02082021_80_wrp.tiff,148.44830924692144,153.0,183,0.5821502323385854
3637_25_4_01202020_20_wrp.tiff,114.16250444622891,121.0,123,0.5236812130536938
3637_25_4_01202020_80_wrp.tiff,166.73132761712606,177.0,255,0.6538483435940087
3639_25_4_02082021_20_wrp.tiff,106.09690656840675,113.0,128,0.5004571064523882
3639_25_4_02082021_80_wrp.tiff,153.160847544993,161.0,176,0.6006307746838917
3640_25_4_01202020_20_wrp.tiff,114.32462576695595,120.0,133,0.5126664832575932
3640_25_4_01202020_80_wrp.tiff,162.4242407138976,173.0,255,0.6369578067186692
3640_25_4_02082021_20_wrp.tiff,108.59543875235642,115.0,129,0.524615646144115
3640_25_4_02082021_80_wrp.tiff,157.26070277150626,167.0,192,0.6167086383172139
3646_5_6_01172020_20_wrp.tiff,83.30526534719213,93.0,95,0.460250084788574
3646_5_6_01172020_80_wrp.tiff,105.62817159530019,116.0,118,0.5307948321345196
3646_5_6_01282021_20_wrp.tiff,84.39494712108745,93.0,96,0.4611745744296518
3646_5_6_01282021_80_wrp.tiff,104.16015811396097,113.0,115,0.5314293781297426
3647_5_6_01172020_20_wrp.tiff,84.80275650838864,92.0,98,0.4510784920634977
3647_5_6_01172020_80_wrp.tiff,103.79794877958915,112.0,114,0.5242320645407319
3647_5_6_01282021_20_wrp.tiff,81.40082877317224,89.0,95,0.44000447985260666
3647_5_6_01282021_80_wrp.tiff,101.38536248075027,109.0,112,0.5044047884589347
3648_5_6_01282021_20_wrp.tiff,83.21377816131006,89.0,90,0.44738590409065954
3648_5_6_01282021_80_wrp.tiff,103.87751400860111,111.0,112,0.4994111250389505
3650_5_6_01172020_20_wrp.tiff,90.3563663577252,98.0,99,0.478076012472207
3650_5_6_01172020_80_wrp.tiff,109.807839141067,118.0,120,0.5304726528528335
3652_5_6_01172020_20_wrp.tiff,92.77491640034125,100.0,101,0.4882890336834367
3652_5_6_01172020_80_wrp.tiff,110.79728315317458,119.0,120,0.5378508890904695
3652_5_6_01282021_20_wrp.tiff,88.94619951068114,96.0,96,0.47564812572302406
3652_5_6_01282021_80_wrp.tiff,107.70552023319324,115.0,116,0.5467285290997285
3657_5_6_01172020_20_wrp.tiff,87.02973937611293,92.0,89,0.46539967580560176
3657_5_6_01172020_80_wrp.tiff,106.33990171973014,114.0,116,0.5264351570257609
3657_5_6_01282021_20_wrp.tiff,83.89833696501368,89.0,98,0.4439065447860835
3657_5_6_01282021_80_wrp.tiff,102.66202145064493,110.0,112,0.5211270124371767
3659_5_6_01172020_20_wrp.tiff,87.65627438221718,95.0,99,0.4637898115436687
3659_5_6_01172020_80_wrp.tiff,106.58717096710896,115.0,116,0.5580480155316802
3659_5_6_01282021_20_wrp.tiff,85.05659242225802,92.0,98,0.4524286830947106
3659_5_6_01282021_80_wrp.tiff,103.97977979768328,112.0,114,0.5198988989858169
3666_5_6_01172020_20_wrp.tiff,82.18508792332275,88.0,101,0.4466580865373701
3666_5_6_01172020_80_wrp.tiff,102.09202103612442,110.0,116,0.5156162678566102
3666_5_6_01282021_20_wrp.tiff,80.08975650342656,86.0,99,0.4305900887257848
3666_5_6_01282021_80_wrp.tiff,100.6715224286235,108.0,114,0.5243308459796833
3675_5_5_01172020_20_wrp.tiff,69.66287721551969,72.0,67,0.3891780850007291
3675_5_5_01172020_80_wrp.tiff,99.39083163877542,105.0,109,0.47555421836507117
3675_5_5_02022021_20_wrp.tiff,61.827044170917105,61.0,54,0.3512900236963967
3675_5_5_02022021_80_wrp.tiff,92.43955834551743,96.0,89,0.45989830022416683
3676_5_5_01172020_20_wrp.tiff,72.85383898015817,77.0,80,0.40029581857009827
3676_5_5_01172020_80_wrp.tiff,104.42058449674892,112.0,114,0.5068960412438933
3680_5_5_01172020_20_wrp.tiff,69.33769703161488,73.0,76,0.3747983623310275
3680_5_5_01172020_80_wrp.tiff,99.58679943553813,106.0,109,0.4881705854659312
3680_5_5_02022021_20_wrp.tiff,60.28765618060732,62.0,64,0.3425435010242317
3680_5_5_02022021_80_wrp.tiff,91.7944231227005,97.0,100,0.47074063139605005
3684_5_5_02022021_20_wrp.tiff,56.66469064929769,59.0,64,0.321958469596453
3684_5_5_02022021_80_wrp.tiff,85.79456249429501,91.0,96,0.43997211535310277
3685_5_5_01172020_20_wrp.tiff,65.5317229097414,69.0,74,0.37023572265181454
3685_5_5_01172020_80_wrp.tiff,96.13666359553247,102.0,106,0.4735796236209798
3685_5_5_02022021_20_wrp.tiff,55.77000944557883,57.0,51,0.32424424096078247
3685_5_5_02022021_80_wrp.tiff,85.53251241828583,90.0,91,0.4431736394706874
3687_5_5_01172020_20_wrp.tiff,75.49823470154651,81.0,90,0.41031649294095757
3687_5_5_01172020_80_wrp.tiff,104.39423206175414,112.0,119,0.5067681168021717
3689_5_5_01172020_20_wrp.tiff,68.82782187905735,73.0,74,0.39330183930665175
3689_5_5_01172020_80_wrp.tiff,98.67403612312206,106.0,110,0.4836962555031293
3689_5_5_02022021_20_wrp.tiff,59.080662566907776,62.0,65,0.343492224224211
3689_5_5_02022021_80_wrp.tiff,89.59826349243048,95.0,100,0.45024253011045345
3690_5_5_01172020_20_wrp.tiff,76.62095611446473,81.0,80,0.4209942643628777
3690_5_5_01172020_80_wrp.tiff,105.36405102066594,113.0,116,0.5190347340893936
3690_5_5_02022021_20_wrp.tiff,72.02428561228507,76.0,81,0.395737833032359
3690_5_5_02022021_80_wrp.tiff,102.41867849698575,109.0,111,0.49239749277160266
3693_5_5_01172020_20_wrp.tiff,71.26254342693503,76.0,81,0.39590301903632846
3693_5_5_01172020_80_wrp.tiff,101.36297116800795,108.0,112,0.5093616641582843
3693_5_5_02022021_20_wrp.tiff,63.82138995519331,66.0,66,0.35654407795998194
3693_5_5_02022021_80_wrp.tiff,94.57941996362355,100.0,102,0.4682149503126502
3696_5_5_01172020_20_wrp.tiff,66.92515942518457,70.0,74,0.3677206561803124
3696_5_5_01172020_80_wrp.tiff,95.66041764774326,101.0,102,0.45770534759466774
3696_5_5_02022021_20_wrp.tiff,59.32544794489343,60.0,58,0.3351720222856399
3696_5_5_02022021_80_wrp.tiff,88.85637305508007,93.0,93,0.4420715077345174
3699_5_5_01172020_20_wrp.tiff,69.40566857149541,72.0,77,0.37115330786697465
3699_5_5_01172020_80_wrp.tiff,100.16324208948215,106.0,111,0.46587554460007574
3699_5_5_02022021_20_wrp.tiff,61.36852577518452,62.0,64,0.3335245966024511
3699_5_5_02022021_80_wrp.tiff,92.72890488293467,97.0,102,0.4312972320116436
3703_5_5_01172020_20_wrp.tiff,73.50081694683549,79.0,86,0.4129259379012504
3703_5_5_01172020_80_wrp.tiff,102.83749403295589,110.0,115,0.5016463123534354
3703_5_5_02022021_20_wrp.tiff,67.3228521092204,71.0,83,0.38251620516385165
3703_5_5_02022021_80_wrp.tiff,97.60542471777543,104.0,108,0.4831951718677834
3705_5_5_02022021_20_wrp.tiff,58.20693534219634,60.0,63,0.3288527420444491
3705_5_5_02022021_80_wrp.tiff,89.40859242648544,94.0,96,0.417797160869475
3706_5_5_02022021_20_wrp.tiff,59.6422586255363,61.0,57,0.34081290642968853
3706_5_5_02022021_80_wrp.tiff,89.80208240051114,95.0,96,0.4701679706808428
3709_5_5_01172020_20_wrp.tiff,75.65807380257395,81.0,87,0.4134320972795657
3709_5_5_01172020_80_wrp.tiff,105.72435210211567,113.0,118,0.5286217605079353
3709_5_5_02022021_20_wrp.tiff,65.17793959815141,69.0,72,0.36616819998755756
3709_5_5_02022021_80_wrp.tiff,100.5174942584912,107.0,111,0.4786547345619645
3713_5_5_01172020_20_wrp.tiff,78.90289812744274,83.0,84,0.4242091297151534
3713_5_5_01172020_80_wrp.tiff,108.41643557182925,116.0,119,0.4905721066576411
3713_5_5_02022021_20_wrp.tiff,71.69313886981176,75.0,73,0.40052032887939243
3713_5_5_02022021_80_wrp.tiff,103.62517627555765,110.0,113,0.456498573899124
3714_25_3_02082021_20_wrp.tiff,92.78940157847948,97.0,105,0.4504339882428595
3714_25_3_02082021_80_wrp.tiff,110.10796354425173,115.0,139,0.43179593546596057
3718_25_3_02082021_20_wrp.tiff,91.13196895066415,96.0,100,0.45114836113966833
3718_25_3_02082021_80_wrp.tiff,109.49217060781703,116.0,134,0.43972759280071205
3720_25_3_02082021_20_wrp.tiff,99.6226379453693,104.0,119,0.46552634553693356
3720_25_3_02082021_80_wrp.tiff,117.56315849169236,126.0,141,0.4610319940832601
3726_25_3_01202020_20_wrp.tiff,104.85288234177301,112.0,120,0.5065356634843792
3726_25_3_01202020_80_wrp.tiff,122.85689116019233,131.0,148,0.48179173003808057
3726_25_3_02082021_20_wrp.tiff,104.50089715197907,111.0,122,0.5048352519394891
3726_25_3_02082021_80_wrp.tiff,114.20370388448491,122.0,138,0.4478576622903414
3734_25_3_01202020_20_wrp.tiff,100.04128142143297,104.0,116,0.48096769913919235
3734_25_3_01202020_80_wrp.tiff,117.95907387524834,124.0,136,0.46258460343053237
3735_25_3_01202020_20_wrp.tiff,99.25744810151575,102.0,95,0.4818322723351161
3735_25_3_01202020_80_wrp.tiff,117.09906501803565,122.0,129,0.45921201967677033
3735_25_3_02082021_20_wrp.tiff,88.93051027581377,91.0,83,0.4514239100272201
3735_25_3_02082021_80_wrp.tiff,105.81580877190159,110.0,116,0.41496395596661423
3737_25_3_01202020_20_wrp.tiff,103.59818481136321,115.0,129,0.4956850947888399
3737_25_3_01202020_80_wrp.tiff,121.66365609689137,130.0,148,0.4771123768486834
3737_25_3_02082021_20_wrp.tiff,96.1375416039505,106.0,122,0.4599882373372752
3737_25_3_02082021_80_wrp.tiff,113.20848367888675,121.0,140,0.4528339347137357
3738_25_3_01202020_20_wrp.tiff,98.2139592507219,98.0,85,0.47676679247691817
3738_25_3_01202020_80_wrp.tiff,114.97615145986883,114.0,94,0.45625456928338326
3738_25_3_02082021_20_wrp.tiff,89.58056766706609,89.0,75,0.44790283833309097
3738_25_3_02082021_80_wrp.tiff,105.47823751457881,104.0,82,0.43228785866453495
3742_25_3_01202020_20_wrp.tiff,101.65072903910125,104.0,88,0.4863671245866741
3742_25_3_01202020_80_wrp.tiff,119.81364870470094,124.0,151,0.46985744589894546
3742_25_3_02082021_20_wrp.tiff,93.6570559622088,95.0,77,0.46136480769333715
3742_25_3_02082021_80_wrp.tiff,111.03152420926595,115.0,143,0.4354177419954139
3744_25_3_01202020_20_wrp.tiff,101.3193912746132,101.0,91,0.47567789330580995
3744_25_3_01202020_80_wrp.tiff,118.36177443985044,123.0,141,0.4641638213309266
3744_25_3_02082021_20_wrp.tiff,93.18414908534022,92.0,83,0.44800071675428954
3744_25_3_02082021_80_wrp.tiff,108.82396004698975,113.0,132,0.42676062763358036
3746_25_3_01202020_20_wrp.tiff,107.88880206798719,117.0,129,0.5113213368126819
3746_25_3_01202020_80_wrp.tiff,125.16447765816122,133.0,148,0.49084108885360933
3746_25_3_02082021_20_wrp.tiff,100.1843475118131,108.0,118,0.47706832148255257
3746_25_3_02082021_80_wrp.tiff,116.48438912828527,124.0,142,0.4568015259914842
3747_25_3_01202020_20_wrp.tiff,101.12058450395409,107.0,114,0.4838305478634941
3747_25_3_01202020_80_wrp.tiff,120.2985109883925,128.0,134,0.471758866619297
3747_25_3_02082021_20_wrp.tiff,92.11958079471036,97.0,103,0.44288259997243984
3747_25_3_02082021_80_wrp.tiff,111.10385932737155,118.0,126,0.43570140912523864
3752_25_3_01202020_80_wrp.tiff,122.85382864134093,127.0,112,0.48177972016023196
3754_25_3_01202020_20_wrp.tiff,103.48704523958168,108.0,115,0.48133509413535047
3754_25_3_01202020_80_wrp.tiff,123.18746898397353,131.0,133,0.48308811366074683
3754_25_3_02082021_20_wrp.tiff,94.24837627671808,98.0,105,0.446674769081855
3754_25_3_02082021_80_wrp.tiff,113.05557994370287,120.0,125,0.44335521546376283
3759_5_6_01172020_20_wrp.tiff,99.21376683594858,107.0,107,0.5221777201864548
3759_5_6_01172020_80_wrp.tiff,116.85257766483157,126.0,126,0.5756284614002756
3759_5_6_01282021_20_wrp.tiff,95.7252764929672,102.0,104,0.42734498434169577
3759_5_6_01282021_80_wrp.tiff,114.47578594334414,123.0,123,0.5557076987514001
3762_5_6_01172020_20_wrp.tiff,97.6862973758013,106.0,107,0.5087827988296486
3762_5_6_01172020_80_wrp.tiff,113.11790798591788,123.0,126,0.5599896434918707
3763_5_6_01172020_20_wrp.tiff,98.15556687621878,106.0,106,0.5193416236809495
3763_5_6_01172020_80_wrp.tiff,113.25407915220015,122.0,123,0.5662703957581694
3763_5_6_01282021_20_wrp.tiff,95.61495652639195,103.0,103,0.5113099279458858
3763_5_6_01282021_80_wrp.tiff,111.85566561464994,120.0,120,0.5620887719300898
3765_5_6_01172020_20_wrp.tiff,91.77762931928783,106.0,109,0.4881788793553173
3765_5_6_01172020_80_wrp.tiff,107.9962925673457,121.0,125,0.5293935910138055
3765_5_6_01282021_20_wrp.tiff,88.76353146321131,102.0,105,0.47214644395074024
3765_5_6_01282021_80_wrp.tiff,105.90543531932687,119.0,122,0.5268927130288557
3769_5_6_01172020_20_wrp.tiff,100.48314473252186,110.0,112,0.5233497121458256
3769_5_6_01172020_80_wrp.tiff,114.85229356543857,125.0,126,0.5657748451471567
3769_5_6_01282021_20_wrp.tiff,97.63437433060074,107.0,109,0.5111747347125108
3769_5_6_01282021_80_wrp.tiff,113.17130653076995,122.0,124,0.5630413260209299
3770_5_6_01282021_20_wrp.tiff,100.73625648784122,110.0,112,0.5192590540583606
3770_5_6_01282021_80_wrp.tiff,117.81709215631936,128.0,130,0.5429359085519652
3779_5_6_01172020_20_wrp.tiff,92.44720297602723,101.0,101,0.4970279729867215
3779_5_6_01172020_80_wrp.tiff,109.12327794028265,118.0,120,0.5539252687295875
3779_5_6_01282021_20_wrp.tiff,89.65653045244606,98.0,101,0.4899263959123286
3779_5_6_01282021_80_wrp.tiff,107.10689012442357,116.0,117,0.5549579799164177
3797_25_4_01202020_20_wrp.tiff,94.29136472968766,99.0,100,0.47145682364608105
3797_25_4_01202020_80_wrp.tiff,143.24154925648685,152.0,167,0.5617315657095103
3797_25_4_02082021_20_wrp.tiff,89.4869913637658,95.0,94,0.46127315135723984
3797_25_4_02082021_80_wrp.tiff,139.7624271929614,148.0,163,0.54808794977417
3798_25_4_01202020_20_wrp.tiff,96.43491714035775,102.0,109,0.47041422995066995
3798_25_4_01202020_80_wrp.tiff,145.06533720944947,154.0,169,0.5688836753289435
3799_25_4_01202020_20_wrp.tiff,103.58413351558323,108.0,105,0.4932577786432856
3799_25_4_01202020_80_wrp.tiff,155.5860954519638,164.0,178,0.6101415507896223
3802_25_4_01202020_20_wrp.tiff,101.15205373360679,106.0,108,0.5032440484234008
3802_25_4_01202020_80_wrp.tiff,153.1747997582582,162.0,169,0.6006854892457157
3803_25_4_01202020_20_wrp.tiff,103.5773818674687,110.0,122,0.4932256279379785
3803_25_4_01202020_80_wrp.tiff,156.94468219355,166.0,255,0.6154693419330766
3809_25_4_01202020_20_wrp.tiff,107.20602591823636,113.0,119,0.49632419406361133
3809_25_4_01202020_80_wrp.tiff,161.14890280948572,171.0,255,0.6319564816033482
3809_25_4_02082021_20_wrp.tiff,104.04203914980303,110.0,117,0.4861777530341909
3809_25_4_02082021_80_wrp.tiff,156.37868793518635,165.0,255,0.6132497566061691
3810_25_4_01202020_20_wrp.tiff,102.99989594081826,109.0,115,0.5049014506878107
3810_25_4_01202020_80_wrp.tiff,154.10003665122605,163.0,176,0.6043138692181245
3810_25_4_02082021_20_wrp.tiff,97.62538295484002,104.0,111,0.47390962599206854
3810_25_4_02082021_80_wrp.tiff,149.71451089183296,158.0,170,0.5871157289852779
3811_25_3_01202020_20_wrp.tiff,101.76059048907838,107.0,121,0.4711138448546633
3811_25_3_01202020_80_wrp.tiff,119.49790592498496,126.0,149,0.4723237388320658
3811_25_3_02082021_20_wrp.tiff,94.93105739821296,99.0,115,0.4630783287695116
3811_25_3_02082021_80_wrp.tiff,111.12811353501571,118.0,140,0.4573173396483885
3831_22_3_01172020_20_wrp.tiff,81.60876243751146,85.0,97,0.4435258828101518
3831_22_3_01172020_80_wrp.tiff,78.91387292773827,80.0,82,0.41533617330169964
3831_22_3_01292021_20_wrp.tiff,66.09916346475497,67.0,67,0.41834913585023176
3831_22_3_01292021_80_wrp.tiff,61.929900376836414,62.0,63,0.3664491146536685
3832_22_3_01172020_20_wrp.tiff,81.63154895014384,84.0,84,0.436532347324638
3832_22_3_01172020_80_wrp.tiff,79.18689642727885,80.0,78,0.4081798784890241
3832_22_3_01292021_20_wrp.tiff,66.5878664365655,67.0,67,0.45297868323886076
3832_22_3_01292021_80_wrp.tiff,62.20699113844992,62.0,58,0.3380814735766948
3833_22_3_01172020_20_wrp.tiff,78.69520724191707,82.0,82,0.4548855909911109
3833_22_3_01172020_80_wrp.tiff,75.46831611988397,77.0,72,0.48068991158855595
3833_22_3_01292021_20_wrp.tiff,63.07194292235494,64.0,63,0.39667888630162434
3833_22_3_01292021_80_wrp.tiff,58.19226609751223,58.0,54,0.4013259730835235
3836_22_3_01172020_20_wrp.tiff,81.9303719541822,84.0,82,0.45771157516047206
3836_22_3_01172020_80_wrp.tiff,76.00211013971871,77.0,72,0.42697814684995355
3836_22_3_01292021_20_wrp.tiff,67.28807326872527,68.0,68,0.41535847696487604
3836_22_3_01292021_80_wrp.tiff,65.23942626578331,65.0,60,0.3978013796669848
3837_22_3_01172020_20_wrp.tiff,76.71837363293801,79.0,81,0.41246437436841693
3837_22_3_01172020_80_wrp.tiff,74.37106901627521,75.0,72,0.4154808324908365
3837_22_3_01292021_20_wrp.tiff,61.75602015292938,63.0,66,0.35289154372900855
3837_22_3_01292021_80_wrp.tiff,60.58170975613864,60.0,58,0.367161877307706
3842_22_3_01172020_20_wrp.tiff,87.19163049740646,91.0,92,0.48439794720512264
3842_22_3_01172020_80_wrp.tiff,80.42546658041911,82.0,82,0.4648870900575389
3843_22_3_01172020_20_wrp.tiff,85.99915572191027,89.0,89,0.4550219879442077
3843_22_3_01172020_80_wrp.tiff,85.7400509167272,88.0,85,0.4737019387638315
3843_22_3_01292021_20_wrp.tiff,71.09418203729408,72.0,70,0.40858725308554883
3843_22_3_01292021_80_wrp.tiff,68.47240032720775,69.0,66,0.402778825451794
3844_22_3_01172020_20_wrp.tiff,89.8480897227057,90.0,91,0.47040884671327376
3844_22_3_01172020_80_wrp.tiff,85.86293722940977,85.0,80,0.3902860783137249
3844_22_3_01292021_20_wrp.tiff,76.22971359942339,75.0,70,0.4355983634227874
3844_22_3_01292021_80_wrp.tiff,72.91895306971387,71.0,67,0.3701469698951458
3845_22_3_01172020_20_wrp.tiff,85.33517160400984,90.0,93,0.47146503648363747
3845_22_3_01172020_80_wrp.tiff,81.23920017913711,83.0,83,0.4513288898815877
3845_22_3_01292021_20_wrp.tiff,70.60972392931379,73.0,78,0.41780901733074544
3845_22_3_01292021_80_wrp.tiff,67.62752763694427,68.0,67,0.3864430150660447
3849_22_3_01172020_20_wrp.tiff,83.33242160321356,87.0,90,0.44802377205787924
3849_22_3_01172020_80_wrp.tiff,79.76741334374582,81.0,82,0.37984482544459985
3849_22_3_01292021_20_wrp.tiff,68.72198065014588,71.0,76,0.42160724324984217
3849_22_3_01292021_80_wrp.tiff,62.885952143643316,63.0,63,0.3399240656394778
3850_22_3_01172020_20_wrp.tiff,88.3979019329593,92.0,90,0.4857027578707341
3850_22_3_01172020_80_wrp.tiff,84.43521697624823,87.0,86,0.5086458853960216
3850_22_3_01292021_20_wrp.tiff,69.43390121871562,71.0,69,0.39904540930067
3850_22_3_01292021_80_wrp.tiff,67.90507168139351,69.0,68,0.38802898103431704
3851_22_3_01292021_20_wrp.tiff,64.35446588913655,66.0,73,0.383062296956866
3851_22_3_01292021_80_wrp.tiff,61.45302855135329,62.0,62,0.3531783250057478
3855_17_1_01302020_20_wrp.tiff,68.65846814778513,71.0,70,0.3945888973987962
3855_17_1_01302020_80_wrp.tiff,128.87177544705293,138.0,152,0.5911549332406504
3857_17_1_01302020_20_wrp.tiff,60.94389566115652,62.0,61,0.3693569433987101
3857_17_1_01302020_80_wrp.tiff,114.32559346412317,121.0,128,0.5292851549240458
3857_17_1_02222021_20_wrp.tiff,99.78588165244417,110.0,114,0.5039690992522233
3857_17_1_02222021_80_wrp.tiff,122.79390569811741,136.0,145,0.5738032976520729
3858_17_1_02222021_20_wrp.tiff,95.36934046332273,103.0,100,0.4890735408350444
3858_17_1_02222021_80_wrp.tiff,116.71281831790559,129.0,135,0.5665670792103836
3859_17_1_01302020_20_wrp.tiff,98.7502977566412,103.0,120,0.4987388775562751
3859_17_1_01302020_80_wrp.tiff,113.90272995130948,119.0,115,0.54239395214651
3859_17_1_02222021_20_wrp.tiff,101.75858325581153,112.0,10,0.5012738091394594
3859_17_1_02222021_80_wrp.tiff,123.02478212125219,135.0,135,0.6001208883934247
3865_17_1_01302020_20_wrp.tiff,99.12720987914929,103.0,97,0.49812668280729233
3865_17_1_01302020_80_wrp.tiff,115.43722184377776,122.0,127,0.534431582607608
3865_17_1_02222021_20_wrp.tiff,101.05138787181019,111.0,109,0.4977900880360217
3865_17_1_02222021_80_wrp.tiff,123.32098372850821,136.0,140,0.568299464184055
3866_17_1_01302020_20_wrp.tiff,94.2002313048203,98.0,99,0.4855682025996636
3866_17_1_01302020_80_wrp.tiff,110.10801788737382,116.0,136,0.5268326214681675
3866_17_1_02222021_20_wrp.tiff,97.59532623003291,108.0,111,0.4979353379057907
3866_17_1_02222021_80_wrp.tiff,119.7938178848047,132.0,153,0.5650651786992436
3867_17_1_01302020_20_wrp.tiff,93.37358651792225,97.0,98,0.4838009664115982
3867_17_1_01302020_80_wrp.tiff,108.92667386627267,116.0,122,0.5473702204307804
3867_17_1_02222021_20_wrp.tiff,100.63142257137469,111.0,113,0.5160585772864545
3867_17_1_02222021_80_wrp.tiff,120.01947110487399,133.0,143,0.585460834655066
3868_17_1_01302020_20_wrp.tiff,60.36863248814456,61.0,58,0.36148881729211424
3868_17_1_01302020_80_wrp.tiff,114.75324227595401,121.0,129,0.5412888786576072
3868_17_1_02222021_20_wrp.tiff,99.18172666572758,108.0,107,0.49590863332615837
3868_17_1_02222021_80_wrp.tiff,124.88884332828428,137.0,148,0.5625623573320798
3870_17_1_01302020_20_wrp.tiff,93.89240894140117,98.0,97,0.49158329288434344
3870_17_1_01302020_80_wrp.tiff,110.60868979786879,118.0,133,0.5343414966054805
3870_17_1_02222021_20_wrp.tiff,96.70847875055763,107.0,109,0.4909059835028768
3870_17_1_02222021_80_wrp.tiff,120.5943076091892,134.0,147,0.5688410736255678
3873_17_1_02222021_20_wrp.tiff,99.85100826379346,109.0,106,0.4967711853895358
3873_17_1_02222021_80_wrp.tiff,120.99915061588366,134.0,138,0.5575997724208575
3874_17_1_01302020_20_wrp.tiff,100.03578135932145,103.0,95,0.49522664039022884
3874_17_1_01302020_80_wrp.tiff,116.14103296941538,123.0,130,0.5427151073311807
3874_17_1_02222021_20_wrp.tiff,101.65672187245083,111.0,109,0.5057548351838064
3874_17_1_02222021_80_wrp.tiff,124.2259150471477,138.0,145,0.5751199770674656
3876_17_1_01302020_20_wrp.tiff,94.88884566911732,97.0,96,0.47682837019417335
3876_17_1_01302020_80_wrp.tiff,110.84397103656634,117.0,125,0.5278284335049453
3876_17_1_02222021_20_wrp.tiff,98.91072281930504,109.0,110,0.5020848874050912
3876_17_1_02222021_80_wrp.tiff,120.19038126418491,133.0,145,0.5778383714596494
3878_17_1_02222021_20_wrp.tiff,97.05901343922025,108.0,111,0.4977385304549873
3878_17_1_02222021_80_wrp.tiff,120.26297461636035,134.0,150,0.5809805536994173
3880_17_1_01302020_20_wrp.tiff,35.078811234013145,37.0,44,0.2234319186865587
3880_17_1_01302020_80_wrp.tiff,116.20524996192378,124.0,141,0.5355080643381949
3880_17_1_02222021_20_wrp.tiff,100.633829760697,111.0,125,0.4981872760405882
3880_17_1_02222021_80_wrp.tiff,125.31739508772735,140.0,152,0.5696245231234442
3883_35_1_01272020_20_wrp.tiff,108.94708862401885,111.0,100,0.4929732516901623
3883_35_1_01272020_80_wrp.tiff,83.45028311252737,85.0,88,0.37421651619799623
3884_35_1_01272020_20_wrp.tiff,102.22888689618522,107.0,121,0.4986774970521295
3884_35_1_01272020_80_wrp.tiff,76.32613433078745,78.0,80,0.4038419805840403
3884_35_1_02222021_20_wrp.tiff,102.19553765693394,115.0,6,0.4936982495480205
3884_35_1_02222021_80_wrp.tiff,79.1493850803176,90.0,7,0.4101004408285363
3885_35_1_02222021_20_wrp.tiff,104.28029737249639,121.0,6,0.49894879125357633
3885_35_1_02222021_80_wrp.tiff,82.49986848681844,94.0,8,0.4209176963591711
3886_35_1_01272020_20_wrp.tiff,112.42049178233115,117.0,124,0.5302853385934003
3886_35_1_01272020_80_wrp.tiff,84.4942856175068,86.0,85,0.4567258682002707
3886_35_1_02222021_20_wrp.tiff,106.19896021614498,125.0,6,0.4827225464348285
3886_35_1_02222021_80_wrp.tiff,85.1165561955683,98.0,8,0.39960824504774034
3887_35_1_01272020_20_wrp.tiff,110.60518401843169,117.0,121,0.5317556923937496
3887_35_1_01272020_80_wrp.tiff,82.9032661630654,85.0,83,0.46314673833856007
3887_35_1_02222021_20_wrp.tiff,106.12745523481864,126.0,6,0.5053688344491108
3887_35_1_02222021_80_wrp.tiff,82.94308930492112,96.0,8,0.41679944374122774
3889_35_1_01272020_20_wrp.tiff,108.47490729097656,115.0,112,0.5396761556738153
3889_35_1_01272020_80_wrp.tiff,81.51034701192627,83.0,84,0.45536506710318947
3891_35_1_01272020_20_wrp.tiff,111.98902944139044,117.0,117,0.523313221686295
3891_35_1_01272020_80_wrp.tiff,81.04318854142012,83.0,85,0.37870648850953936
3891_35_1_02222021_20_wrp.tiff,106.45869450942888,124.0,6,0.48611276031480716
3891_35_1_02222021_80_wrp.tiff,82.23765782565383,95.0,8,0.426101854016724
3893_35_1_02222021_20_wrp.tiff,110.39148120077866,128.0,6,0.5110716722234611
3893_35_1_02222021_80_wrp.tiff,87.01684209005715,100.0,8,0.4439634800490469
3894_35_1_01272020_20_wrp.tiff,122.72705094773671,128.0,128,0.5734908922764637
3894_35_1_01272020_80_wrp.tiff,87.57025467982703,89.0,85,0.4633346808431942
3895_35_1_01272020_20_wrp.tiff,113.8907933992507,118.0,135,0.5372207235788372
3895_35_1_01272020_80_wrp.tiff,83.4963874015931,85.0,87,0.43487701771436577
3898_35_1_02222021_20_wrp.tiff,104.44752158335936,122.0,6,0.4926769885984278
3898_35_1_02222021_80_wrp.tiff,84.40401546498543,97.0,8,0.4306327319620143
3899_35_1_01272020_20_wrp.tiff,119.77226339701082,126.0,134,0.5649635065870088
3899_35_1_01272020_80_wrp.tiff,85.89079310608554,88.0,86,0.4404656056699748
3899_35_1_02222021_20_wrp.tiff,109.2497261008777,128.0,6,0.5105127387867625
3899_35_1_02222021_80_wrp.tiff,86.28373492627614,99.0,8,0.4148256486820256
3902_35_1_01272020_20_wrp.tiff,115.08251888636484,119.0,113,0.5586530043000301
3902_35_1_01272020_80_wrp.tiff,83.66327249596291,85.0,84,0.4473971791204039
3903_35_1_01272020_20_wrp.tiff,119.08554110867644,128.0,139,0.5725266399428073
3903_35_1_01272020_80_wrp.tiff,85.13060388025934,87.0,86,0.44338856187404146
3904_35_1_01272020_20_wrp.tiff,118.21628865895892,124.0,124,0.555006050039455
3904_35_1_01272020_80_wrp.tiff,85.46469717905981,88.0,86,0.4670202031617093
3905_35_1_01272020_20_wrp.tiff,127.0528545806065,135.0,139,0.6079083951196106
3905_35_1_01272020_80_wrp.tiff,88.02849322661011,91.0,91,0.473271468957725
3905_35_1_02222021_20_wrp.tiff,115.88056962207334,139.0,6,0.5491970124242851
3905_35_1_02222021_80_wrp.tiff,87.9856110556877,103.0,8,0.4421387490213345
3907_35_1_02222021_20_wrp.tiff,112.86239163931506,133.0,6,0.5249413564594889
3907_35_1_02222021_80_wrp.tiff,87.42494925049573,101.0,8,0.4306647746308624
3921_20_1_01232020_20_wrp.tiff,88.11718590657314,93.0,99,0.47889774948964264
3921_20_1_01232020_80_wrp.tiff,155.599946631491,163.0,166,0.6101958691407091
3921_20_1_02042021_20_wrp.tiff,134.3866159989901,142.0,149,0.6080842352867964
3921_20_1_02042021_80_wrp.tiff,154.33526604823604,162.0,165,0.6052363374416895
3922_20_1_01232020_20_wrp.tiff,90.4319837032401,90.0,85,0.47847610424741605
3922_20_1_01232020_80_wrp.tiff,156.08788632898816,161.0,161,0.6121093581504944
3922_20_1_02042021_20_wrp.tiff,88.76688012010874,89.0,83,0.46719410589285026
3922_20_1_02042021_80_wrp.tiff,155.55176667560443,160.0,163,0.610006928137233
3923_24_2_02262021_20_wrp.tiff,102.90507797480264,120.0,6,0.5119655620611476
3923_24_2_02262021_80_wrp.tiff,181.21076389741071,207.0,255,0.7106304466537259
3924_24_2_02242021_20_wrp.tiff,105.2123474070314,124.0,7,0.5313754919520204
3924_24_2_02242021_80_wrp.tiff,116.12634129134412,131.0,13,0.5451940905671311
3925_24_2_02242021_20_wrp.tiff,100.08218871406866,117.0,6,0.4930157079486485
3925_24_2_02242021_80_wrp.tiff,111.3988882317552,127.0,13,0.5040673675622224
3926_24_2_02262021_20_wrp.tiff,105.1758289282275,123.0,7,0.5181075316635931
3926_24_2_02262021_80_wrp.tiff,116.9471666461778,132.0,14,0.5340053271490585
3927_24_2_02242021_20_wrp.tiff,116.65550909193635,132.0,13,0.5400718013490569
3927_24_2_02242021_80_wrp.tiff,116.48509107378761,132.0,13,0.5392828290428163
3928_24_2_02242021_20_wrp.tiff,103.10533950048149,121.0,7,0.5054183308822356
3928_24_2_02242021_80_wrp.tiff,115.5446625996271,131.0,13,0.5374170353446032
3929_24_2_02262021_20_wrp.tiff,100.37404361538694,115.0,6,0.4896294810482796
3929_24_2_02262021_80_wrp.tiff,111.65868793417408,126.0,13,0.5266919242153179
3930_24_2_02262021_20_wrp.tiff,91.53829928934984,105.0,6,0.4531598974697856
3930_24_2_02262021_80_wrp.tiff,102.40607498249473,115.0,12,0.4807796947512392
3931_24_2_02242021_20_wrp.tiff,115.65538090263,136.0,143,0.5614338878741193
3931_24_2_02242021_80_wrp.tiff,124.44780430762285,142.0,14,0.5580619027222636
3932_24_2_02262021_20_wrp.tiff,96.36114420992351,113.0,6,0.4891428640072811
3932_24_2_02262021_80_wrp.tiff,107.47882004949483,122.0,12,0.5118039049951573
3933_24_2_02242021_20_wrp.tiff,111.04206185485764,117.0,118,0.5524480689268915
3933_24_2_02242021_80_wrp.tiff,121.20812368802679,125.0,121,0.5459825391327965
4050_17_1_02222021_20_wrp.tiff,100.85486299096736,113.0,119,0.509367994901303
4050_17_1_02222021_80_wrp.tiff,123.85846246629619,138.0,152,0.5814951289470174
4058_17_1_01302020_20_wrp.tiff,95.29251264979037,101.0,108,0.4861862890270622
4058_17_1_01302020_80_wrp.tiff,112.1911081721448,121.0,136,0.5242575148206567
4061_17_1_02222021_20_wrp.tiff,101.33413635151653,113.0,120,0.5170108997499976
4061_17_1_02222021_80_wrp.tiff,123.68692018631998,138.0,154,0.5918034458647281
4063_17_1_01302020_20_wrp.tiff,93.82384799207718,97.0,99,0.47869310199795145
4063_17_1_01302020_80_wrp.tiff,111.27966022866102,119.0,128,0.5324385656848257
4067_22_3_01172020_20_wrp.tiff,111.05308139109076,114.0,144,0.5552654069526775
4067_22_3_01172020_80_wrp.tiff,103.16668222472741,106.0,123,0.49838976919917405
4072_22_3_01172020_20_wrp.tiff,148.41985620863917,152.0,140,0.5936794248321821
4072_22_3_01172020_80_wrp.tiff,136.79733879967893,142.0,146,0.5364601521534998
4072_22_3_01292021_20_wrp.tiff,145.5445059498695,149.0,139,0.5892490119404059
4072_22_3_01292021_80_wrp.tiff,133.62886768793385,138.0,142,0.5240347752447444
4074_22_3_01292021_20_wrp.tiff,92.8928165281478,92.0,65,0.4531356903789984
4074_22_3_01292021_80_wrp.tiff,85.87994278473053,84.0,75,0.3975923277052451
4082_22_3_01172020_20_wrp.tiff,97.95970419364053,99.0,102,0.5023574574007086
4082_22_3_01172020_80_wrp.tiff,93.1949198019921,93.0,85,0.4706814131389971
4084_22_3_01292021_20_wrp.tiff,84.76165513036213,83.0,86,0.45327088304764096
4084_22_3_01292021_80_wrp.tiff,77.62713386114079,76.0,69,0.3786689456622543
4086_22_3_01172020_20_wrp.tiff,146.9719148462848,154.0,145,0.5902486539987732
4086_22_3_01172020_80_wrp.tiff,135.69310662075674,142.0,147,0.5321298298832338
4086_22_3_01292021_20_wrp.tiff,144.2059035413425,151.0,143,0.5934399322664571
4086_22_3_01292021_80_wrp.tiff,133.19402840594273,139.0,140,0.526458610298088
4137_25_1_01302020_20_wrp.tiff,116.25821317309419,123.0,133,0.5432626783764062
4137_25_1_01302020_80_wrp.tiff,92.12639602857426,97.0,101,0.43869712394350274
4138_25_1_01302020_20_wrp.tiff,109.62787598857193,114.0,133,0.5171126225851642
4138_25_1_01302020_80_wrp.tiff,84.34325818938692,89.0,103,0.42383546828624663
4139_25_1_01302020_20_wrp.tiff,125.64771046179858,137.0,148,0.5510864493914364
4139_25_1_01302020_80_wrp.tiff,96.87536643650968,106.0,115,0.48196699719416775
4140_25_1_01302020_20_wrp.tiff,118.47731922768772,118.0,107,0.5289166036926732
4140_25_1_01302020_80_wrp.tiff,92.70928015665316,95.0,90,0.47300653140908244
4141_25_1_01302020_20_wrp.tiff,117.30357381154307,123.0,139,0.501297323978811
4141_25_1_01302020_80_wrp.tiff,92.15942856062976,97.0,104,0.36140952376575824
4142_25_1_01302020_20_wrp.tiff,128.02807989617997,134.0,130,0.5471285465625335
4142_25_1_01302020_80_wrp.tiff,99.7402275176524,105.0,114,0.4492803041315456
4143_25_1_01302020_20_wrp.tiff,125.55036495027284,133.0,144,0.5506594953935183
4143_25_1_01302020_80_wrp.tiff,87.34223080784818,93.0,107,0.4302572946178223
4144_25_1_01302020_20_wrp.tiff,121.59337372889048,125.0,121,0.5263782412483294
4144_25_1_01302020_80_wrp.tiff,94.80115816502935,99.0,108,0.42703224398469514
4145_25_1_01302020_20_wrp.tiff,107.9512984546889,114.0,121,0.5189966271835091
4145_25_1_01302020_80_wrp.tiff,80.50853038848325,86.0,90,0.419315262437833
4146_25_1_01302020_20_wrp.tiff,120.06125244763437,123.0,118,0.5242849451838869
4146_25_1_01302020_80_wrp.tiff,87.77095096442075,92.0,93,0.37996082668415926
4151_5_8_01292020_20_wrp.tiff,112.95135836048121,118.0,118,0.5404371213394296
4151_5_8_01292020_80_wrp.tiff,88.16933272743745,92.0,92,0.48982962626082016
4152_5_8_01292020_20_wrp.tiff,106.0064508130008,113.0,123,0.5273952776739971
4152_5_8_01292020_80_wrp.tiff,83.15522320454834,88.0,89,0.4594211226745244
4153_5_8_01292020_20_wrp.tiff,107.131889622683,113.0,115,0.5410701496067775
4153_5_8_01292020_80_wrp.tiff,81.54657417406906,86.0,84,0.443187903117532
4154_5_8_01292020_20_wrp.tiff,97.63176940750175,101.0,98,0.4809446768818759
4154_5_8_01292020_80_wrp.tiff,79.73799209899407,83.0,80,0.4264063748586506
4155_5_8_01292020_20_wrp.tiff,114.39082163651798,118.0,114,0.5370461109670467
4155_5_8_01292020_80_wrp.tiff,87.71631769826551,91.0,89,0.45448869273477216
4156_5_8_01292020_20_wrp.tiff,116.02381919960209,121.0,121,0.5472821660332774
4156_5_8_01292020_80_wrp.tiff,88.01637635522881,92.0,91,0.47576419651217866
4157_5_8_01292020_20_wrp.tiff,112.77458167873623,120.0,121,0.5610675705381849
4157_5_8_01292020_80_wrp.tiff,98.62751458048264,105.0,106,0.48825502267323956
4158_5_8_01292020_20_wrp.tiff,98.53434020321598,102.0,99,0.4976481828420118
4158_5_8_01292020_80_wrp.tiff,79.71848429135919,84.0,83,0.4173742633033603
4159_5_8_01292020_20_wrp.tiff,122.92008834986432,132.0,136,0.593816851928843
4159_5_8_01292020_80_wrp.tiff,98.044779493235,105.0,107,0.4926873341343835
4160_5_8_01292020_20_wrp.tiff,117.41565567995988,122.0,120,0.5410859708728977
4160_5_8_01292020_80_wrp.tiff,96.96826608977634,102.0,102,0.505043052548288
4163_17_1_01302020_20_wrp.tiff,91.56178794658953,95.0,96,0.4793810887230898
4163_17_1_01302020_80_wrp.tiff,108.9344244865318,117.0,128,0.5366227807191881
4163_17_1_02082021_20_wrp.tiff,86.12341706629404,90.0,88,0.47581998378905094
4163_17_1_02082021_80_wrp.tiff,101.3634003675306,108.0,118,0.5119363654899933
4164_17_1_01302020_20_wrp.tiff,88.80465632357365,93.0,116,0.4625242516828705
4164_17_1_01302020_80_wrp.tiff,105.32037010678289,110.0,108,0.5239819408271588
4165_17_1_01302020_20_wrp.tiff,91.92653944407404,95.0,111,0.4812907824271872
4165_17_1_01302020_80_wrp.tiff,109.94177300384723,115.0,113,0.5336979272005512
4165_17_1_02082021_20_wrp.tiff,86.80588169230808,90.0,110,0.45929037932195127
4165_17_1_02082021_80_wrp.tiff,102.60930830898621,107.0,136,0.49569714158691075
4166_17_1_01302020_20_wrp.tiff,82.04250633222102,83.0,80,0.4318026649041538
4166_17_1_01302020_80_wrp.tiff,99.26830253786227,103.0,106,0.4963415126868297
4166_17_1_02082021_20_wrp.tiff,77.24541201122601,78.0,73,0.42210607656176996
4166_17_1_02082021_80_wrp.tiff,92.23763418798103,96.0,100,0.46350569943476144
4167_17_1_01302020_20_wrp.tiff,79.57894680938593,79.0,74,0.4188365621524584
4167_17_1_01302020_80_wrp.tiff,97.97395680610943,102.0,105,0.480264494145241
4167_17_1_02082021_20_wrp.tiff,74.41374448053101,74.0,69,0.39372351576792214
4167_17_1_02082021_80_wrp.tiff,91.3946742756784,95.0,98,0.463932356726977
4168_17_1_01302020_20_wrp.tiff,92.68826318837007,98.0,113,0.4802500683310354
4168_17_1_01302020_80_wrp.tiff,107.81430985480475,113.0,118,0.528501518893511
4168_17_1_02082021_20_wrp.tiff,86.89567192685438,92.0,106,0.44791583467219825
4168_17_1_02082021_80_wrp.tiff,100.43239697046405,105.0,107,0.5021619848498095
4169_17_1_01302020_20_wrp.tiff,85.90660448953132,91.0,98,0.4772589138280781
4169_17_1_01302020_80_wrp.tiff,103.06301344643983,111.0,124,0.5258317012546633
4169_17_1_02082021_20_wrp.tiff,80.3791099702779,85.0,90,0.4465506109435075
4169_17_1_02082021_80_wrp.tiff,95.80074777620985,103.0,115,0.488779325386332
4170_17_1_01302020_20_wrp.tiff,90.6069923591987,94.0,91,0.4622805732588593
4170_17_1_01302020_80_wrp.tiff,108.82688126911259,117.0,126,0.5360930111752537
4170_17_1_02082021_20_wrp.tiff,84.87678885976781,88.0,93,0.46380758939510386
4170_17_1_02082021_80_wrp.tiff,100.7040419908004,108.0,117,0.538524288717978
4171_17_1_01302020_20_wrp.tiff,87.47517043133749,92.0,105,0.4652934597386819
4171_17_1_01302020_80_wrp.tiff,104.81579129135895,112.0,122,0.5402875839732921
4171_17_1_02082021_20_wrp.tiff,82.10384880315887,86.0,97,0.4486549114902198
4171_17_1_02082021_80_wrp.tiff,97.76258668915561,104.0,113,0.4839732014290675
4172_17_1_01302020_20_wrp.tiff,95.7064784147776,103.0,112,0.49333236296022825
4172_17_1_01302020_80_wrp.tiff,111.15450657132831,118.0,139,0.5318397443578778
4172_17_1_02082021_20_wrp.tiff,89.90350059978505,97.0,105,0.48335215375968654
4172_17_1_02082021_80_wrp.tiff,103.54061599163691,110.0,130,0.5229324039955252
4173_15_3_01302020_20_wrp.tiff,100.82354495139388,106.0,111,0.4942330634848022
4173_15_3_01302020_80_wrp.tiff,91.42821852786565,97.0,105,0.44817754180106606
4174_15_3_01302020_20_wrp.tiff,97.4274733136826,102.0,106,0.4684013140058375
4174_15_3_01302020_80_wrp.tiff,86.77733910376992,92.0,94,0.4404941071234996
4174_15_3_02032021_20_wrp.tiff,80.28289420661237,83.0,86,0.3994173841105122
4174_15_3_02032021_80_wrp.tiff,76.30006665852835,79.0,81,0.3834174203926881
4175_15_3_01302020_20_wrp.tiff,100.8310976394156,108.0,114,0.49916384969760613
4175_15_3_01302020_80_wrp.tiff,89.04729109479835,95.0,100,0.4662161837399589
4175_15_3_02032021_20_wrp.tiff,66.23101774757622,65.0,64,0.3467592552210967
4175_15_3_02032021_80_wrp.tiff,64.0962571209876,64.0,63,0.3580796487186007
4176_15_3_01302020_20_wrp.tiff,99.20745088051186,104.0,107,0.4815895673787877
4176_15_3_01302020_80_wrp.tiff,88.50686782503678,94.0,96,0.4338571952186418
4176_15_3_02032021_20_wrp.tiff,79.86135432019707,82.0,83,0.4116564655659042
4176_15_3_02032021_80_wrp.tiff,76.64885542740659,80.0,81,0.4034150285631746
4177_15_3_01302020_20_wrp.tiff,107.95284266852714,114.0,122,0.511624846767846
4177_15_3_01302020_80_wrp.tiff,93.37786198542103,99.0,103,0.46688930992477073
4177_15_3_02032021_20_wrp.tiff,84.62822428314749,88.0,95,0.4210359417051068
4177_15_3_02032021_80_wrp.tiff,77.52796757592061,81.0,84,0.4190700950027111
4178_15_3_01302020_20_wrp.tiff,93.64964489659069,97.0,124,0.46361210344617365
4178_15_3_01302020_80_wrp.tiff,87.57820564403632,91.0,96,0.4514340497092004
4178_15_3_02032021_20_wrp.tiff,65.46610114288607,63.0,53,0.33572359560282233
4178_15_3_02032021_80_wrp.tiff,66.21027057671351,67.0,64,0.3521822902997943
4179_15_3_01302020_80_wrp.tiff,87.42847728405029,92.0,95,0.441557966078832
4179_15_3_02032021_20_wrp.tiff,72.46501546220992,75.0,78,0.36232507730923796
4179_15_3_02032021_80_wrp.tiff,70.32310191516007,72.0,77,0.3720799043110476
4180_15_3_01302020_20_wrp.tiff,88.78859383992906,91.0,90,0.43101259145387405
4180_15_3_01302020_80_wrp.tiff,84.40727988441908,88.0,91,0.4241571853467082
4181_15_3_01302020_20_wrp.tiff,91.62343632025578,96.0,98,0.4674665118356547
4181_15_3_01302020_80_wrp.tiff,84.09710777240036,89.0,91,0.44732504134017576
4181_15_3_02032021_20_wrp.tiff,69.37910339643473,69.0,65,0.37101124810729263
4181_15_3_02032021_80_wrp.tiff,68.16762027733137,70.0,70,0.3787090015386259
4182_15_3_01302020_20_wrp.tiff,97.41970873435461,101.0,118,0.46390337492328915
4182_15_3_01302020_80_wrp.tiff,89.687307270541,95.0,97,0.4599349090773388
4182_15_3_02032021_20_wrp.tiff,82.69285031033922,84.0,63,0.40937054608876167
4182_15_3_02032021_80_wrp.tiff,78.40797416096179,81.0,86,0.39203987080284874
4185_22_4_02022021_20_wrp.tiff,78.9978903696386,83.0,84,0.4787750931464232
4185_22_4_02022021_80_wrp.tiff,101.2925201638812,106.0,106,0.5167985722620634
4185_22_4_09142018_20_wrp.tiff,95.24079862481787,100.0,102,0.5442331349958494
4185_22_4_09142018_80_wrp.tiff,119.92102328933059,126.0,128,0.535361711110693
4186_22_4_02022021_20_wrp.tiff,70.6193375180565,72.0,93,0.4035390715294455
4186_22_4_02022021_80_wrp.tiff,91.36451201661497,95.0,107,0.4758568334173912
4186_22_4_09142018_20_wrp.tiff,85.20731050998236,88.0,110,0.4532303750506869
4186_22_4_09142018_80_wrp.tiff,107.6091104448422,112.0,126,0.514876126527882
4187_22_4_02022021_20_wrp.tiff,81.97369907761326,92.0,102,0.46052639930984685
4187_22_4_02022021_80_wrp.tiff,101.26337822447185,108.0,119,0.5140273006292275
4187_22_4_09142018_20_wrp.tiff,96.52717905718757,107.0,117,0.5161881232977079
4187_22_4_09142018_80_wrp.tiff,114.32658297753458,121.0,133,0.5149846080045928
4188_22_4_02022021_20_wrp.tiff,62.150885650729606,63.0,55,0.3933600357616218
4188_22_4_02022021_80_wrp.tiff,81.04621345414868,83.0,82,0.48823020152807506
4188_22_4_09142018_20_wrp.tiff,74.65587843567839,76.0,69,0.42660501963001024
4188_22_4_09142018_80_wrp.tiff,95.06384696734004,99.0,97,0.5310829439486534
4189_22_4_02022021_20_wrp.tiff,60.51585140881903,59.0,49,0.36899909395396363
4189_22_4_02022021_80_wrp.tiff,83.04442271759488,84.0,78,0.4258688344470206
4189_22_4_09142018_20_wrp.tiff,79.00960255971596,79.0,71,0.4413944277054445
4189_22_4_09142018_80_wrp.tiff,104.3995277010682,107.0,107,0.4788969160577491
4190_22_4_09142018_20_wrp.tiff,91.14230447081506,95.0,99,0.48739200251512127
4190_22_4_09142018_80_wrp.tiff,117.44514177139081,123.0,126,0.5062290593572611
4191_22_4_02022021_20_wrp.tiff,70.74449819907768,72.0,66,0.4477499885989237
4191_22_4_02022021_80_wrp.tiff,91.57185309950732,95.0,96,0.5059218403259746
4191_22_4_09142018_20_wrp.tiff,89.32859023300448,92.0,87,0.531717799002814
4191_22_4_09142018_80_wrp.tiff,110.90381690334692,116.0,120,0.5357672314145466
4192_22_4_02022021_20_wrp.tiff,72.9594599524594,76.0,78,0.43171278078122893
4192_22_4_02022021_80_wrp.tiff,93.22228288194647,97.0,102,0.4830170097485153
4192_22_4_09142018_20_wrp.tiff,86.99977173498225,92.0,95,0.49714155276848637
4192_22_4_09142018_80_wrp.tiff,108.32270991587701,114.0,119,0.5232981155331098
4193_22_4_02022021_20_wrp.tiff,75.55092042067615,78.0,78,0.4444171789425396
4193_22_4_02022021_80_wrp.tiff,100.94589409912201,106.0,108,0.54271986074505
4193_22_4_09142018_20_wrp.tiff,93.83123519848145,98.0,99,0.507195865934996
4193_22_4_09142018_80_wrp.tiff,134.36882839286196,142.0,144,0.5998608410368844
4194_22_4_02022021_20_wrp.tiff,77.07028489519867,78.0,81,0.4404016279700473
4194_22_4_02022021_80_wrp.tiff,98.42430424502017,101.0,103,0.48247207963008676
4194_22_4_09142018_20_wrp.tiff,90.79521000456835,93.0,97,0.5044178333559107
4194_22_4_09142018_80_wrp.tiff,131.88987771733505,137.0,137,0.521303864493335
4240_20_1_02042021_20_wrp.tiff,37.48413132945209,32.0,28,0.22580802005558004
4240_20_1_02042021_80_wrp.tiff,97.86940849870196,94.0,78,0.42004037982095244
4250_20_1_01302020_20_wrp.tiff,89.78607026594757,93.0,87,0.47255826455513167
4250_20_1_01302020_80_wrp.tiff,102.65131713580921,107.0,111,0.5184409956327817
4250_20_1_02162021_20_wrp.tiff,91.07871061148381,105.0,7,0.4553935530551421
4250_20_1_02162021_80_wrp.tiff,100.75852762172285,115.0,18,0.48209821828344857
4251_20_1_01302020_20_wrp.tiff,84.90690621530048,90.0,96,0.4589562498099542
4251_20_1_01302020_80_wrp.tiff,97.40308727528604,102.0,107,0.494431915100465
4251_20_1_02162021_20_wrp.tiff,87.16170022606515,97.0,113,0.45396718867505825
4251_20_1_02162021_80_wrp.tiff,98.16948631907519,111.0,125,0.5008647261151752
4252_20_1_01302020_20_wrp.tiff,82.01869001714401,85.0,79,0.4481895629327641
4252_20_1_01302020_80_wrp.tiff,95.08856354949897,98.0,106,0.37584412470009143
4252_20_1_02162021_20_wrp.tiff,87.82576034809266,99.0,99,0.4598207348043604
4252_20_1_02162021_80_wrp.tiff,100.29736375159935,113.0,116,0.46433964699599545
4253_20_1_01302020_20_wrp.tiff,78.09893046472112,81.0,84,0.4314858036701085
4253_20_1_01302020_80_wrp.tiff,90.97188260946835,94.0,97,0.42312503539090807
4255_20_1_01302020_20_wrp.tiff,88.61080635594371,91.0,87,0.4567567337911699
4255_20_1_01302020_80_wrp.tiff,100.77132971466841,104.0,104,0.4915674620203749
4255_20_1_02162021_20_wrp.tiff,91.12143473465103,105.0,7,0.45789665695574444
4255_20_1_02162021_80_wrp.tiff,101.17179587534413,115.0,121,0.5084009842956569
4261_20_1_02042021_20_wrp.tiff,87.00265186764362,89.0,85,0.4484672776659544
4261_20_1_02042021_80_wrp.tiff,150.36009164504472,155.0,156,0.5896474182135493
4262_20_1_01232020_20_wrp.tiff,85.06115736194532,88.0,87,0.4778716705700419
4262_20_1_01232020_80_wrp.tiff,147.93567473076118,153.0,157,0.5801399009026708
4262_20_1_02042021_20_wrp.tiff,83.36156197464085,86.0,88,0.45305196725102065
4262_20_1_02042021_80_wrp.tiff,145.23595822907615,150.0,150,0.5695527773666925
4265_20_1_01232020_20_wrp.tiff,78.2279254784889,80.0,81,0.4251517689025204
4265_20_1_01232020_80_wrp.tiff,141.90189812006338,146.0,145,0.5586688902342706
4265_20_1_02042021_20_wrp.tiff,76.96243050162163,79.0,81,0.427569058339967
4265_20_1_02042021_80_wrp.tiff,139.73456124723464,144.0,143,0.547978671555634
4267_20_1_01232020_20_wrp.tiff,95.18265356395104,92.0,83,0.49063223486319796
4267_20_1_01232020_80_wrp.tiff,159.7888706491997,161.0,152,0.626623022151267
4268_20_1_01302020_20_wrp.tiff,80.51411407053813,85.0,87,0.4523264835398079
4268_20_1_01302020_80_wrp.tiff,93.36880189579244,97.0,99,0.510212032214657
4268_20_1_02162021_20_wrp.tiff,82.81481609149188,96.0,101,0.44050434090984775
4268_20_1_02162021_80_wrp.tiff,95.65360333786509,110.0,112,0.49819585071545264
4270_20_1_01232020_20_wrp.tiff,79.22847315151901,84.0,86,0.45016177926743667
4270_20_1_01232020_80_wrp.tiff,142.33973744856644,149.0,153,0.5581950488157186
4270_20_1_02042021_80_wrp.tiff,138.49036667013405,147.0,154,0.5430994771356508
4272_20_1_02162021_20_wrp.tiff,74.01770398661013,81.0,6,0.3895668630853714
4272_20_1_02162021_80_wrp.tiff,86.9069943488303,98.0,15,0.45264059556446695
4273_20_1_01302020_20_wrp.tiff,89.42298167000749,92.0,84,0.4609432044821987
4273_20_1_01302020_80_wrp.tiff,101.59790825848636,105.0,104,0.42509585045213916
4274_20_1_01302020_20_wrp.tiff,97.62155392060771,95.0,86,0.4856793727369256
4274_20_1_01302020_80_wrp.tiff,109.28998583865514,110.0,104,0.45537494099249903
4274_20_1_02162021_20_wrp.tiff,94.21710785572404,103.0,7,0.46642132601612685
4274_20_1_02162021_80_wrp.tiff,106.0716755371097,117.0,6,0.5075199786440295
4276_20_1_01302020_20_wrp.tiff,90.06064007885506,90.0,86,0.45256603054473615
4276_20_1_01302020_80_wrp.tiff,101.88576042029871,104.0,102,0.4738872577666271
4276_20_1_02162021_20_wrp.tiff,94.32915156523268,106.0,7,0.460142202754988
4276_20_1_02162021_80_wrp.tiff,104.50866606905564,117.0,121,0.47288989171304413
4278_12_1_02102021_20_wrp.tiff,82.08057696393651,93.0,97,0.43659881363563785
4278_12_1_02102021_80_wrp.tiff,97.97355656030528,110.0,4,0.49732769827313683
4278_12_1_03112020_20_wrp.tiff,85.84841381361719,90.0,92,0.4271065363840303
4278_12_1_03112020_80_wrp.tiff,111.58658119135644,116.0,116,0.46301485971325074
4279_12_1_02102021_20_wrp.tiff,74.28295228456089,97.0,3,0.4855094920527803
4279_12_1_02102021_80_wrp.tiff,84.2198990682732,109.0,4,0.4896505759754857
4279_12_1_03112020_20_wrp.tiff,82.64162406761461,88.0,85,0.4443098068127436
4279_12_1_03112020_80_wrp.tiff,111.61844698542289,118.0,118,0.5340595549516213
4280_12_1_02102021_20_wrp.tiff,89.0880580643999,98.0,4,0.46642962337137944
4280_12_1_02102021_80_wrp.tiff,100.34293270206634,112.0,4,0.5042358427214176
4280_12_1_03112020_20_wrp.tiff,84.9788855703331,91.0,94,0.4694966053583625
4280_12_1_03112020_80_wrp.tiff,116.01114528149024,123.0,128,0.5604403153668107
4281_12_1_02102021_20_wrp.tiff,94.75602367758698,108.0,115,0.4834491003933854
4281_12_1_02102021_80_wrp.tiff,105.53120742499898,120.0,4,0.5173098403160866
4281_12_1_03112020_20_wrp.tiff,84.74532530883035,90.0,96,0.43909494978441066
4281_12_1_03112020_80_wrp.tiff,112.73276002502053,118.0,122,0.5553337932239665
4282_12_1_02102021_20_wrp.tiff,89.0255660232831,99.0,4,0.47103474086143954
4282_12_1_02102021_80_wrp.tiff,101.03417940364551,113.0,4,0.5207947391913645
4282_12_1_03112020_20_wrp.tiff,87.72203517798735,92.0,91,0.46169492198697715
4282_12_1_03112020_80_wrp.tiff,119.29640048306312,125.0,124,0.5763111134419653
4317_20_1_01232020_20_wrp.tiff,81.98100607629088,86.0,95,0.45044508832879365
4317_20_1_01232020_80_wrp.tiff,144.1881272622455,151.0,155,0.565443636320314
4317_20_1_02042021_20_wrp.tiff,80.74573972759157,86.0,97,0.4412335504215866
4317_20_1_02042021_80_wrp.tiff,141.84758130818597,149.0,157,0.5562650247358027
4318_20_1_01232020_20_wrp.tiff,79.46772200397557,81.0,80,0.4390481878648427
4318_20_1_01232020_80_wrp.tiff,142.67503561748669,148.0,146,0.5595099435957929
4318_20_1_02042021_20_wrp.tiff,78.68143804553279,82.0,84,0.4371191002505315
4318_20_1_02042021_80_wrp.tiff,140.39759601451934,147.0,151,0.5505788078979167
4324_20_1_01232020_20_wrp.tiff,84.67723973563956,86.0,84,0.44566968281680996
4324_20_1_01232020_80_wrp.tiff,147.6206389192016,151.0,146,0.57890446634754
4324_20_1_02042021_20_wrp.tiff,82.5132389895379,85.0,86,0.4365779840693192
4324_20_1_02042021_80_wrp.tiff,144.20755844783477,148.0,147,0.5655198370481147
4326_20_1_01232020_20_wrp.tiff,72.1465524606873,75.0,87,0.4099235935243033
4326_20_1_01232020_80_wrp.tiff,132.21596387158746,138.0,145,0.5246665232978682
4326_20_1_02042021_20_wrp.tiff,66.86619981975737,70.0,70,0.3735541889351051
4326_20_1_02042021_80_wrp.tiff,125.10742417845572,132.0,134,0.4906173497175102
4327_20_1_01232020_20_wrp.tiff,79.75559063981112,83.0,86,0.42198725206026
4327_20_1_01232020_80_wrp.tiff,142.30141967581412,148.0,152,0.5580447830402199
4327_20_1_02042021_20_wrp.tiff,77.77953499490017,83.0,88,0.4273600823872133
4327_20_1_02042021_80_wrp.tiff,139.52125187587464,147.0,156,0.5471421642169706
4328_20_1_01232020_20_wrp.tiff,78.58883676695305,81.0,73,0.42711324329633665
4328_20_1_01232020_80_wrp.tiff,141.18571157236707,146.0,149,0.5647428462872093
4329_20_1_01232020_20_wrp.tiff,79.13348222469756,81.0,84,0.4300732729579755
4329_20_1_01232020_80_wrp.tiff,141.7924481876847,146.0,148,0.5560488164201124
4331_20_1_01232020_20_wrp.tiff,88.3634426821953,84.0,82,0.4485453943235876
4331_20_1_01232020_80_wrp.tiff,151.98261136030737,153.0,146,0.5960102406263191
4331_20_1_02042021_20_wrp.tiff,85.52190173532304,83.0,78,0.44083454502516606
4331_20_1_02042021_80_wrp.tiff,148.1586359742343,150.0,141,0.581014258720209
4333_20_1_01232020_20_wrp.tiff,68.64139171359562,70.0,69,0.3593790142054254
4333_20_1_01232020_80_wrp.tiff,128.30966229784823,132.0,134,0.5031751462640983
4333_20_1_02042021_20_wrp.tiff,68.6636883257814,71.0,71,0.3539365377599354
4333_20_1_02042021_80_wrp.tiff,127.10138615554716,132.0,135,0.4984368084511715
4336_20_1_01232020_20_wrp.tiff,77.39210774466609,80.0,82,0.4206092812187255
4336_20_1_01232020_80_wrp.tiff,139.40999167953197,144.0,145,0.5621370632216526
4336_20_1_02042021_20_wrp.tiff,78.21447851054377,82.0,87,0.4160344601602539
4336_20_1_02042021_80_wrp.tiff,140.41721534094953,146.0,147,0.5506557464329368
4349_12_1_02102021_20_wrp.tiff,96.48085418950188,107.0,4,0.4922492560663757
4349_12_1_02102021_80_wrp.tiff,108.08254978078187,122.0,4,0.5404127489012074
4349_12_1_03112020_20_wrp.tiff,89.57603600808334,94.0,90,0.4739472804635418
4349_12_1_03112020_80_wrp.tiff,122.37192264145747,127.0,124,0.5252013847250312
4350_12_1_02102021_20_wrp.tiff,93.4434549459891,104.0,119,0.4841629789922536
4350_12_1_02102021_80_wrp.tiff,105.92929033207486,119.0,4,0.5218191641948425
4350_12_1_03112020_20_wrp.tiff,86.00262493377838,92.0,93,0.45264539438592494
4350_12_1_03112020_80_wrp.tiff,115.31725640874953,122.0,124,0.5625232019911561
4351_12_1_02102021_20_wrp.tiff,101.06119655395698,112.0,4,0.5104100836032656
4351_12_1_02102021_80_wrp.tiff,114.80925393067443,129.0,5,0.5390105818316218
4351_12_1_03112020_20_wrp.tiff,106.38832751126267,113.0,117,0.5292951617449422
4351_12_1_03112020_80_wrp.tiff,144.36372128213046,153.0,158,0.5868443954534294
4352_12_1_02102021_20_wrp.tiff,100.79485228343985,112.0,4,0.4916822062582838
4352_12_1_02102021_80_wrp.tiff,107.3098846712954,121.0,4,0.5085776524681841
4352_12_1_03112020_20_wrp.tiff,114.40258002605727,122.0,126,0.5580613659780449
4352_12_1_03112020_80_wrp.tiff,152.26817013555385,162.0,162,0.5994809847832849
4353_12_1_02102021_20_wrp.tiff,84.07421481577408,93.0,105,0.44720327029429197
4353_12_1_02102021_80_wrp.tiff,95.21362090834697,107.0,4,0.48827497901466
4353_12_1_03112020_20_wrp.tiff,88.3660514163521,94.0,95,0.46508448113624745
4353_12_1_03112020_80_wrp.tiff,115.13332042577473,121.0,120,0.5380061702113865
4354_12_1_03112020_20_wrp.tiff,94.4876346672786,97.0,97,0.45426747435973236
4354_12_1_03112020_80_wrp.tiff,128.16825656545177,133.0,133,0.5188998241495258
4355_12_1_02102021_20_wrp.tiff,85.86522713431191,96.0,93,0.45672993156305947
4355_12_1_02102021_80_wrp.tiff,105.81018110443351,118.0,4,0.5482392803310118
4355_12_1_03112020_20_wrp.tiff,92.17336608732057,95.0,88,0.4655220509437124
4355_12_1_03112020_80_wrp.tiff,124.57968131002401,129.0,120,0.5190820054562706
4474_7_1_01172020_20_wrp.tiff,100.59921706874248,107.0,111,0.49556264565638874
4474_7_1_01172020_80_wrp.tiff,136.09302948723123,143.0,143,0.5336981548497943
4475_7_1_01172020_20_wrp.tiff,105.51758830033522,112.0,115,0.5302391371849496
4475_7_1_01172020_80_wrp.tiff,140.12478637433247,146.0,144,0.5495089661716979
4476_7_1_01172020_20_wrp.tiff,107.84052131051354,117.0,123,0.5365200065172986
4476_7_1_01172020_80_wrp.tiff,141.4145228357909,151.0,154,0.5545667562166131
4477_7_1_01172020_20_wrp.tiff,119.62342754812288,129.0,132,0.5806962502307873
4477_7_1_01172020_80_wrp.tiff,150.93088919884204,159.0,157,0.5918858399931379
4478_7_1_01172020_20_wrp.tiff,111.34736473563194,119.0,123,0.5623604279548969
4478_7_1_01172020_80_wrp.tiff,142.44870730156012,150.0,151,0.558622381572555
4479_7_1_01172020_20_wrp.tiff,118.98173076770897,127.0,129,0.5383788722496406
4479_7_1_01172020_80_wrp.tiff,149.54719282433706,158.0,156,0.5864595797009827
4480_7_1_01172020_20_wrp.tiff,117.30819876663266,126.0,129,0.5694572755634136
4480_7_1_01172020_80_wrp.tiff,148.2332606992672,157.0,158,0.581306904700729
4481_7_1_01172020_20_wrp.tiff,119.82596711700603,129.0,133,0.5873821917471502
4481_7_1_01172020_80_wrp.tiff,151.24128150094955,160.0,159,0.5931030647072802
4482_7_1_01172020_20_wrp.tiff,110.46117484780424,118.0,120,0.5388349992549533
4482_7_1_01172020_80_wrp.tiff,142.90608393707652,151.0,151,0.5604160154373181
4509_12_1_03112020_20_wrp.tiff,127.17006348228043,131.0,129,0.5780457430986472
4509_12_1_03112020_80_wrp.tiff,141.31873438821,147.0,142,0.5563729700301324
4510_12_1_03112020_20_wrp.tiff,136.17342068763858,145.0,155,0.6246487187477704
4510_12_1_03112020_80_wrp.tiff,155.0529635941979,166.0,174,0.608050837621921
4511_12_1_03112020_20_wrp.tiff,132.52714036061352,140.0,155,0.6164053039999866
4511_12_1_03112020_80_wrp.tiff,151.1044981543398,161.0,174,0.5925666594264598
4512_12_1_02082021_20_wrp.tiff,83.85614454622542,82.0,78,0.4436833044750357
4512_12_1_02082021_80_wrp.tiff,94.14525026261042,95.0,85,0.47548106192997447
4512_12_1_03112020_20_wrp.tiff,120.18117460630067,122.0,115,0.5722913076463256
4512_12_1_03112020_80_wrp.tiff,134.25418822519865,138.0,126,0.5617330051240038
4513_12_1_03112020_20_wrp.tiff,118.41665736261045,118.0,111,0.5407153304204098
4513_12_1_03112020_80_wrp.tiff,140.60264227345886,145.0,145,0.5513829108741469
4514_12_1_03112020_20_wrp.tiff,117.63255496789023,119.0,114,0.5548705422987518
4514_12_1_03112020_80_wrp.tiff,134.55567467041004,138.0,131,0.5537270562545528
4515_12_1_03112020_20_wrp.tiff,128.4127492955404,134.0,131,0.6028767572532279
4515_12_1_03112020_80_wrp.tiff,145.1065864685193,153.0,159,0.5781138903105227
4516_12_1_03112020_20_wrp.tiff,130.73123318879658,139.0,141,0.5942328781281925
4516_12_1_03112020_80_wrp.tiff,148.1889760492964,157.0,160,0.5811332394067266
4517_12_1_03112020_20_wrp.tiff,122.38524502278098,125.0,119,0.5614002065239431
4517_12_1_03112020_80_wrp.tiff,139.7370359260294,146.0,139,0.5657369875524845
4518_12_1_03112020_20_wrp.tiff,126.33537941971511,127.0,121,0.5876064159029186
4518_12_1_03112020_80_wrp.tiff,145.5792011888175,149.0,137,0.5708988281892025
4519_12_1_03112020_20_wrp.tiff,118.86234641765382,127.0,135,0.5528481228702371
4519_12_1_03112020_80_wrp.tiff,136.75111761661523,146.0,156,0.5558988520978022
4520_12_1_03112020_20_wrp.tiff,119.74153108045887,123.0,115,0.5674954079615705
4520_12_1_03112020_80_wrp.tiff,135.3868652546655,142.0,157,0.5938020405880339
4521_12_1_03112020_20_wrp.tiff,134.0254245698877,143.0,151,0.5904203725519703
4521_12_1_03112020_80_wrp.tiff,151.13053365147422,161.0,171,0.5926687594152218
4522_12_1_03112020_20_wrp.tiff,110.42104107853125,109.0,103,0.5233224695640186
4522_12_1_03112020_80_wrp.tiff,127.78523479230896,132.0,117,0.5391782058724464
4523_12_1_03112020_20_wrp.tiff,115.81508453997701,126.0,142,0.5515004025686929
4523_12_1_03112020_80_wrp.tiff,136.5423361972285,149.0,164,0.5860186102860193
4524_12_1_02082021_20_wrp.tiff,91.64390334709634,101.0,103,0.4699687351109045
4524_12_1_02082021_80_wrp.tiff,106.08278532333634,114.0,118,0.49340830382717643
4524_12_1_03112020_20_wrp.tiff,131.68453863568556,141.0,152,0.6012992631739007
4524_12_1_03112020_80_wrp.tiff,147.59555570763365,157.0,168,0.5788061008119798
4525_12_1_02082021_20_wrp.tiff,87.46731240728985,88.0,87,0.4485503200350836
4525_12_1_02082021_80_wrp.tiff,101.99167429669754,105.0,98,0.5074212651551747
4525_12_1_03112020_20_wrp.tiff,124.5590296233831,129.0,120,0.5793443238269942
4525_12_1_03112020_80_wrp.tiff,141.48288626468545,147.0,140,0.5728052075470148
4526_12_1_03112020_20_wrp.tiff,121.46310490044799,125.0,108,0.5623291893513225
4526_12_1_03112020_80_wrp.tiff,140.6375182461946,147.0,143,0.558085389863637
4527_12_1_03112020_20_wrp.tiff,124.38578179498262,132.0,140,0.5895060748549437
4527_12_1_03112020_80_wrp.tiff,142.60021859169552,152.0,157,0.5658738832981336
4528_12_1_03112020_20_wrp.tiff,126.9418128848019,131.0,125,0.5743973433675453
4528_12_1_03112020_80_wrp.tiff,145.45834034200328,153.0,150,0.5704248640840505
4529_12_1_02082021_20_wrp.tiff,92.26821021774519,98.0,96,0.4830796346453514
4529_12_1_02082021_80_wrp.tiff,105.82682277985083,112.0,124,0.5162284038016323
4529_12_1_03112020_20_wrp.tiff,128.82182210158106,136.0,136,0.5750974200937766
4529_12_1_03112020_80_wrp.tiff,144.8392179118432,153.0,159,0.5702331413829644
4530_12_1_03112020_20_wrp.tiff,128.76018568134577,136.0,146,0.5961119707442114
4530_12_1_03112020_80_wrp.tiff,149.23372793934413,159.0,169,0.5898566321689893
4531_12_1_03112020_20_wrp.tiff,132.99343455305126,140.0,155,0.610061626387345
4531_12_1_03112020_80_wrp.tiff,150.1372630931998,159.0,175,0.5887735807553374
4532_12_1_03112020_20_wrp.tiff,128.87883680769508,136.0,154,0.5753519500317845
4532_12_1_03112020_80_wrp.tiff,146.4175560382995,155.0,164,0.5741864942655894
4533_12_1_03112020_20_wrp.tiff,126.36182367109333,133.0,148,0.6017229698594839
4533_12_1_03112020_80_wrp.tiff,143.89372709219393,152.0,165,0.5802166414984424
4534_12_1_02082021_20_wrp.tiff,92.56068960812915,96.0,87,0.4722484163655965
4534_12_1_02082021_80_wrp.tiff,109.58137818106341,115.0,120,0.4958433401835637
4534_12_1_03112020_20_wrp.tiff,126.84049739443753,133.0,123,0.5765477154266408
4534_12_1_03112020_80_wrp.tiff,147.0543682589587,155.0,155,0.5766837970916943
4535_12_1_03112020_20_wrp.tiff,121.41902137579164,124.0,120,0.562125098959396
4535_12_1_03112020_80_wrp.tiff,139.20985527965175,144.0,140,0.5613300616092356
4536_12_1_03112020_20_wrp.tiff,125.16639913862879,130.0,125,0.5689381779002721
4536_12_1_03112020_80_wrp.tiff,144.13205124637818,154.0,160,0.5652237303757371
4537_12_1_03112020_20_wrp.tiff,119.08611895999704,122.0,117,0.5643891893811974
4537_12_1_03112020_80_wrp.tiff,135.95978759444526,140.0,132,0.5438391503756057
4538_12_1_03112020_20_wrp.tiff,131.6194691196444,137.0,157,0.5673252979270564
4538_12_1_03112020_80_wrp.tiff,149.57832503302475,158.0,176,0.5865816667938752
4539_12_1_03232020_20_wrp.tiff,114.39176689451506,119.0,140,0.5552998392910669
4539_12_1_03232020_80_wrp.tiff,135.76819419754418,144.0,157,0.5496688024169818
4540_12_1_03232020_20_wrp.tiff,125.94506525513435,133.0,144,0.5857910011839468
4540_12_1_03232020_80_wrp.tiff,144.30455659486856,154.0,174,0.5703737414794395
4541_12_1_02082021_20_wrp.tiff,82.99415708887545,85.0,104,0.43452438266199445
4541_12_1_02082021_80_wrp.tiff,99.04297769108692,103.0,126,0.5079127061055334
4541_12_1_03232020_20_wrp.tiff,119.63256756719503,124.0,146,0.5751565748395187
4541_12_1_03232020_80_wrp.tiff,138.61359026833657,146.0,134,0.5566810854127706
4542_12_1_03232020_20_wrp.tiff,120.52912597881188,124.0,143,0.5528858989828395
4542_12_1_03232020_80_wrp.tiff,137.90466843314087,146.0,173,0.5770069808893886
4543_12_1_03232020_20_wrp.tiff,131.77961424859853,142.0,161,0.5830956382655551
4543_12_1_03232020_80_wrp.tiff,147.4821066356006,159.0,175,0.5829332278063939
4544_12_1_03232020_20_wrp.tiff,123.58610030206589,130.0,137,0.5695211995460663
4544_12_1_03232020_80_wrp.tiff,139.09094816885874,146.0,150,0.5454546986992679
4545_12_1_03232020_20_wrp.tiff,122.34924019114712,129.0,131,0.5690662334445491
4545_12_1_03232020_80_wrp.tiff,138.4463319175376,148.0,153,0.5792733553010809
4546_12_1_03232020_20_wrp.tiff,134.2953232189291,149.0,156,0.6217376074921638
4546_12_1_03232020_80_wrp.tiff,151.7685643332157,167.0,176,0.5998757483502601
4547_12_1_03232020_20_wrp.tiff,121.97005299323564,132.0,144,0.5808097761554992
4547_12_1_03232020_80_wrp.tiff,139.41362297979418,150.0,163,0.5808900957467221
4548_12_1_02082021_20_wrp.tiff,90.16670752693847,95.0,104,0.549796997112126
4548_12_1_02082021_80_wrp.tiff,107.90284254581107,113.0,113,0.5138230597395107
4548_12_1_03232020_20_wrp.tiff,126.77366901351633,133.0,127,0.5842104562807932
4548_12_1_03232020_80_wrp.tiff,148.90590350525557,158.0,159,0.5839447196261632
4549_12_1_03232020_20_wrp.tiff,126.67993485156397,134.0,143,0.5864811798656365
4549_12_1_03232020_80_wrp.tiff,143.1713701855094,152.0,158,0.5749854224294555
4550_12_1_02102021_20_wrp.tiff,79.40478748353415,84.0,108,0.42462453199523814
4550_12_1_02102021_80_wrp.tiff,88.422284151049,96.0,4,0.45578496984841865
4550_12_1_03232020_20_wrp.tiff,108.04236131964763,107.0,100,0.5219437744885299
4550_12_1_03232020_80_wrp.tiff,126.3440603497863,132.0,158,0.5399318818343862
4551_12_1_02082021_20_wrp.tiff,84.76651507573187,92.0,101,0.4347000773092163
4551_12_1_02082021_80_wrp.tiff,101.22326268528234,109.0,129,0.5011052608157487
4551_12_1_03232020_20_wrp.tiff,122.33607692835429,129.0,137,0.5690050089664432
4551_12_1_03232020_80_wrp.tiff,142.43353129784296,151.0,173,0.5585628678324879
4552_12_1_03232020_20_wrp.tiff,124.49591502310892,131.0,147,0.5763699769561692
4552_12_1_03232020_80_wrp.tiff,141.47528175323805,150.0,156,0.5548050264811107
4553_12_1_03232020_20_wrp.tiff,120.78214939984545,132.0,148,0.5644025672863601
4553_12_1_03232020_80_wrp.tiff,139.4168881983868,150.0,160,0.5532416198326728
4554_12_1_02102021_20_wrp.tiff,89.70516623130887,95.0,4,0.4553561737606777
4554_12_1_02102021_80_wrp.tiff,102.6781737405107,112.0,4,0.4984377366020013
4554_12_1_03232020_20_wrp.tiff,119.72089147158508,122.0,111,0.5466707373106777
4554_12_1_03232020_80_wrp.tiff,144.93519969551747,153.0,179,0.5683733321370553
4555_12_1_03232020_20_wrp.tiff,117.71649697689732,121.0,121,0.5686787293542447
4555_12_1_03232020_80_wrp.tiff,136.58005533052227,142.0,137,0.5356080601175948
4556_12_1_03232020_20_wrp.tiff,120.86120703184957,125.0,111,0.5755295572917812
4556_12_1_03232020_80_wrp.tiff,137.7844935286597,145.0,150,0.562385687869785
4557_12_1_03232020_20_wrp.tiff,124.3474438659958,131.0,143,0.5677965473307215
4557_12_1_03232020_80_wrp.tiff,141.81138095000497,150.0,159,0.5627435751961993
4558_12_1_02082021_20_wrp.tiff,81.6654986103937,84.0,71,0.49494241581756826
4558_12_1_02082021_80_wrp.tiff,96.81805836397324,102.0,126,0.48898009274487003
4558_12_1_03232020_20_wrp.tiff,119.32769100394675,122.0,148,0.5655340805847452
4558_12_1_03232020_80_wrp.tiff,138.2881362406818,145.0,171,0.5576134525811459
4760_24_3_03012021_20_wrp.tiff,116.31966539573769,133.0,143,0.5512780350482769
4760_24_3_03012021_80_wrp.tiff,101.25369211857056,114.0,118,0.4963416280297756
4761_24_3_03012021_20_wrp.tiff,109.32006222644905,125.0,127,0.5156606708770444
4761_24_3_03012021_80_wrp.tiff,94.45569262077146,106.0,111,0.5105713114608696
4762_24_3_03012021_20_wrp.tiff,103.43991481572381,120.0,127,0.5171995740760331
4762_24_3_03012021_80_wrp.tiff,90.31985969648628,102.0,107,0.48042478561705243
4763_24_3_03012021_20_wrp.tiff,113.0609800195818,131.0,9,0.5435624039376838
4763_24_3_03012021_80_wrp.tiff,98.84995830150308,112.0,117,0.4967334587990269
4764_24_3_03012021_20_wrp.tiff,101.25041898221998,117.0,8,0.5012396979293008
4764_24_3_03012021_80_wrp.tiff,89.39538877631874,101.0,105,0.46560098320756843
4765_24_3_03012021_20_wrp.tiff,109.20155279980331,126.0,130,0.5200073942823015
4765_24_3_03012021_80_wrp.tiff,94.72935147622267,107.0,109,0.49857553408275845
4831_32_2_11022021_20_wrp.tiff,90.93500751067202,98.0,12,0.49964289840754056
4831_32_2_11022021_80_wrp.tiff,86.80075884622087,93.0,12,0.4666707464825495
4832_32_2_11032021_20_wrp.tiff,98.46479908717583,106.0,13,0.4281078221162945
4832_32_2_11032021_80_wrp.tiff,94.2487527477644,100.0,12,0.40624462391102656
4833_32_2_11032021_20_wrp.tiff,98.41106240682012,105.0,13,0.502097257175092
4833_32_2_11032021_80_wrp.tiff,91.63450173379637,97.0,12,0.4469975694309726
4835_32_2_11032021_20_wrp.tiff,94.23089479558732,101.0,12,0.47832941520359895
4835_32_2_11032021_80_wrp.tiff,88.46813634300725,94.0,12,0.40957470528980405
4836_32_2_11022021_20_wrp.tiff,87.73063709609374,94.0,12,0.4042886502105505
4836_32_2_11022021_80_wrp.tiff,88.95078122636899,94.0,12,0.3645523820737887
4837_32_2_11032021_20_wrp.tiff,92.55372043359068,100.0,12,0.44496980977473904
4837_32_2_11032021_80_wrp.tiff,93.95073694818868,100.0,12,0.4390221352698582
4838_32_2_11022021_20_wrp.tiff,88.73109528339141,96.0,12,0.48753349056540596
4838_32_2_11022021_80_wrp.tiff,85.5545770983751,92.0,12,0.4387414210150583
4839_32_2_11032021_20_wrp.tiff,92.03042058356303,99.0,12,0.4947872074358508
4839_32_2_11032021_80_wrp.tiff,91.12703216794799,97.0,12,0.44022720853868486
4840_32_2_11022021_20_wrp.tiff,88.70627072593975,95.0,12,0.43483466041914176
4840_32_2_11022021_80_wrp.tiff,90.13109163828561,96.0,12,0.42716157174340497
4841_32_2_11032021_20_wrp.tiff,91.49094804567913,99.0,12,0.444130815753568
4841_32_2_11032021_80_wrp.tiff,92.80395550919147,99.0,12,0.43775450711676284
4842_32_2_11022021_20_wrp.tiff,94.6784976576732,101.0,12,0.46870543394655695
4842_32_2_11022021_80_wrp.tiff,95.03245758274132,100.0,12,0.43196571628322433
4843_32_2_11032021_20_wrp.tiff,94.70752002122066,101.0,12,0.4575242513080345
4843_32_2_11032021_80_wrp.tiff,92.79360687420781,98.0,12,0.41988057408953816
4844_32_2_11022021_20_wrp.tiff,88.36232567708299,95.0,12,0.4227862472567474
4844_32_2_11022021_80_wrp.tiff,49.91818872779814,53.0,10,0.44569811363707534
4845_32_2_11022021_20_wrp.tiff,89.81812917230243,96.0,12,0.45825576108083765
4845_32_2_11022021_80_wrp.tiff,88.17894987679202,94.0,12,0.4280531547396309
4846_32_2_11032021_20_wrp.tiff,92.47940369157,98.0,12,0.4533304102505719
4846_32_2_11032021_80_wrp.tiff,93.9715288146529,99.0,12,0.40857186440975796
4847_32_2_11032021_20_wrp.tiff,89.13786098311913,96.0,12,0.4792358117346231
4847_32_2_11032021_80_wrp.tiff,87.28057742022436,93.0,12,0.38964543490997644
4848_32_2_11032021_20_wrp.tiff,89.34814392372485,96.0,12,0.42546735201571134
4848_32_2_11032021_80_wrp.tiff,89.37301547860294,95.0,12,0.45137886605127053
4849_32_2_11022021_20_wrp.tiff,91.2249278433233,97.0,12,0.4678201427838743
4849_32_2_11022021_80_wrp.tiff,88.4177709397641,94.0,12,0.38779724096217677
4849_32_2_11032021_20_wrp.tiff,92.81255202869119,99.0,12,0.4617539901901962
4849_32_2_11032021_80_wrp.tiff,91.93652747732506,97.0,12,0.40146955230097636
4850_32_2_11022021_20_wrp.tiff,87.99349959526995,94.0,12,0.4313406842884246
4850_32_2_11022021_80_wrp.tiff,89.4491894444153,94.0,12,0.4300441800191599
4851_32_2_11022021_20_wrp.tiff,88.47746607433565,95.0,12,0.4731415298067514
4851_32_2_11022021_80_wrp.tiff,87.8124819469495,94.0,12,0.41033870068476247
4854_32_2_11022021_20_wrp.tiff,88.60751150237265,95.0,12,0.43649020444303527
4854_32_2_11022021_80_wrp.tiff,87.907349370637,93.0,12,0.45785077796968304
4855_32_2_11022021_20_wrp.tiff,94.71122796421547,102.0,12,0.5119525835875866
4855_32_2_11022021_80_wrp.tiff,93.59608814393704,100.0,12,0.44358335613030075
4856_32_2_11022021_20_wrp.tiff,87.29710524303607,93.0,13,0.40415326501218485
4856_32_2_11022021_80_wrp.tiff,88.37845281017364,93.0,12,0.392793123599026
4857_32_2_11022021_20_wrp.tiff,89.34147744111901,96.0,12,0.44670738720336156
4857_32_2_11022021_80_wrp.tiff,88.05014010467956,94.0,12,0.4212925363840109
4896_32_2_10262021_20_wrp.tiff,99.79113407363603,109.0,13,0.4989556703656854
4896_32_2_10262021_80_wrp.tiff,91.20192637192825,98.0,12,0.3576546132218455
