nama_gambar,mean,median,modus
10084_35_1_01272020_20_wrp.tiff,89.9515706343144,95.0,102
10084_35_1_01272020_80_wrp.tiff,67.73518728107008,70.0,70
10084_35_1_02222021_20_wrp.tiff,88.3517956590516,105.0,5
10084_35_1_02222021_80_wrp.tiff,72.87486243616424,85.0,6
10085_35_1_01272020_20_wrp.tiff,82.82178588469692,86.0,77
10085_35_1_01272020_80_wrp.tiff,64.00196140492868,65.0,63
10085_35_1_02222021_20_wrp.tiff,86.75803986263989,100.0,5
10085_35_1_02222021_80_wrp.tiff,70.8577941481497,82.0,6
10105_24_3_03012021_20_wrp.tiff,103.57608491653306,116.0,8
10105_24_3_03012021_80_wrp.tiff,91.26026210303655,101.0,104
10109_24_3_03012021_20_wrp.tiff,108.26751743242149,125.0,126
10109_24_3_03012021_80_wrp.tiff,95.96274601889479,108.0,109
10195_24_3_03012021_20_wrp.tiff,103.09328436702441,119.0,8
10195_24_3_03012021_80_wrp.tiff,90.21273789421305,102.0,109
10196_24_3_03012021_20_wrp.tiff,114.63149004030659,131.0,9
10196_24_3_03012021_80_wrp.tiff,99.42240043861591,112.0,118
10209_15_2_01142020_20_wrp.tiff,123.31659770726289,131.0,134
10209_15_2_01142020_80_wrp.tiff,195.34300160790312,211.0,255
10319_34_5_01202020_20_wrp.tiff,107.13398769945448,115.0,116
10319_34_5_01202020_80_wrp.tiff,128.97336908608568,137.0,136
10321_34_5_01202020_20_wrp.tiff,108.84265986749615,117.0,119
10321_34_5_01202020_80_wrp.tiff,128.69709105872204,137.0,137
10322_34_5_01202020_20_wrp.tiff,106.3007829098886,114.0,114
10322_34_5_01202020_80_wrp.tiff,124.93907078017321,133.0,135
10326_34_5_01202020_20_wrp.tiff,108.32945958107702,117.0,120
10326_34_5_01202020_80_wrp.tiff,127.384395168653,136.0,137
10327_34_5_01202020_20_wrp.tiff,101.84684595701239,109.0,111
10327_34_5_01202020_80_wrp.tiff,121.47395411482782,128.0,126
10328_34_5_01202020_20_wrp.tiff,99.36501106186863,105.0,101
10328_34_5_01202020_80_wrp.tiff,120.76565986734461,127.0,126
10329_34_5_01202020_80_wrp.tiff,126.58692208674768,135.0,136
10332_34_5_01202020_20_wrp.tiff,110.59012310347033,118.0,118
10332_34_5_01202020_80_wrp.tiff,129.84306932466603,139.0,139
10333_34_5_01202020_20_wrp.tiff,106.3619879848929,114.0,114
10333_34_5_01202020_80_wrp.tiff,125.80740937027913,134.0,136
2529_36_1_08062019_20_wrp.tiff,86.08428481852738,91.0,90
2529_36_1_08062019_80_wrp.tiff,103.42551166543753,111.0,115
2530_36_1_08062019_20_wrp.tiff,83.7304078973664,93.0,97
2530_36_1_08062019_80_wrp.tiff,100.27356883939042,110.0,113
2531_36_1_08062019_20_wrp.tiff,100.42383639846663,107.0,108
2531_36_1_08062019_80_wrp.tiff,116.17207448943175,126.0,132
2532_36_1_08062019_20_wrp.tiff,131.67940003862782,143.0,144
2532_36_1_08062019_80_wrp.tiff,101.88914022632528,109.0,112
2533_36_1_08062019_20_wrp.tiff,117.1221492473527,127.0,125
2533_36_1_08062019_80_wrp.tiff,102.2532872826342,110.0,111
2989_34_5_01202020_80_wrp.tiff,127.48715891157443,136.0,136
3159_30_4_12222015_20_wrp.tiff,116.76908200789325,125.0,121
3159_30_4_12222015_80_wrp.tiff,131.67096834783067,142.0,143
3160_30_4_12222015_20_wrp.tiff,114.24887391138708,124.0,129
3160_30_4_12222015_80_wrp.tiff,133.4391167313875,146.0,149
3161_38_2_12222015_20_wrp.tiff,109.68485114448013,120.0,125
3161_38_2_12222015_80_wrp.tiff,133.5873469880923,143.0,147
3179_24_2_02262021_20_wrp.tiff,101.98892923553404,120.0,122
3179_24_2_02262021_80_wrp.tiff,112.06545162854943,127.0,13
3185_38_2_12162015_20_wrp.tiff,109.76076132244843,119.0,126
3185_38_2_12162015_80_wrp.tiff,138.4340448390064,148.0,6
3186_38_2_12162015_20_wrp.tiff,98.01869884411819,107.0,115
3186_38_2_12162015_80_wrp.tiff,122.4126114295313,131.0,136
3187_38_2_12162015_20_wrp.tiff,102.85134435945464,112.0,117
3187_38_2_12162015_80_wrp.tiff,132.07633563516706,141.0,143
3188_38_2_12162015_20_wrp.tiff,108.78188863508865,119.0,128
3188_38_2_12162015_80_wrp.tiff,137.37794975425308,147.0,155
3189_38_2_12162015_20_wrp.tiff,94.91366125728811,104.0,111
3189_38_2_12162015_80_wrp.tiff,122.19051061037226,131.0,137
3190_38_2_12162015_20_wrp.tiff,108.72178836387694,118.0,127
3190_38_2_12162015_80_wrp.tiff,135.42874002346989,144.0,148
3191_38_2_12162015_20_wrp.tiff,103.01763907341628,109.0,112
3191_38_2_12162015_80_wrp.tiff,132.84964853895852,142.0,147
3195_30_4_12162015_20_wrp.tiff,117.43783233166684,126.0,127
3195_30_4_12162015_80_wrp.tiff,136.7706842357196,151.0,154
3197_30_4_12162015_20_wrp.tiff,126.68322020993092,137.0,142
3197_30_4_12162015_80_wrp.tiff,139.96792370537509,153.0,164
3199_30_4_12162015_20_wrp.tiff,126.80020278393333,137.0,146
3199_30_4_12162015_80_wrp.tiff,139.75468715914067,152.0,161
3201_30_4_12162015_20_wrp.tiff,104.40252437439064,110.0,128
3201_30_4_12162015_80_wrp.tiff,124.56735083672089,133.0,146
3236_24_4_02242021_20_wrp.tiff,88.26567242929168,92.0,92
3236_24_4_02242021_80_wrp.tiff,112.41791382046443,117.0,115
3237_24_4_02242021_20_wrp.tiff,88.79420358841062,94.0,96
3237_24_4_02242021_80_wrp.tiff,110.77522692208606,116.0,116
3240_38_2_12222015_20_wrp.tiff,107.31185420972707,117.0,122
3240_38_2_12222015_80_wrp.tiff,134.6449129955832,144.0,151
3245_5_5_01172020_20_wrp.tiff,80.7449147065992,86.0,88
3245_5_5_01172020_80_wrp.tiff,111.4145270065307,119.0,123
3245_5_5_02022021_20_wrp.tiff,79.82963660337012,85.0,86
3245_5_5_02022021_80_wrp.tiff,111.95331028681198,120.0,124
3245_5_5_08012017_20_wrp.tiff,33.47143184601351,34.0,34
3245_5_5_08012017_80_wrp.tiff,113.25079875878399,121.0,124
3246_5_5_01172020_20_wrp.tiff,86.478955929026,93.0,96
3246_5_5_01172020_80_wrp.tiff,120.0113096577354,129.0,132
3246_5_5_02022021_20_wrp.tiff,84.75018377458122,91.0,93
3246_5_5_02022021_80_wrp.tiff,117.58365944261918,126.0,131
3246_5_5_08012017_20_wrp.tiff,40.729889603343075,42.0,44
3246_5_5_08012017_80_wrp.tiff,116.71713772659747,125.0,130
3247_5_5_01172020_20_wrp.tiff,72.68288624822125,78.0,82
3247_5_5_01172020_80_wrp.tiff,101.5532260620598,109.0,114
3247_5_5_02022021_20_wrp.tiff,65.01355979947398,68.0,68
3247_5_5_02022021_80_wrp.tiff,94.86555306872329,101.0,106
3248_25_3_01202020_20_wrp.tiff,135.32269429976537,147.0,157
3248_25_3_01202020_80_wrp.tiff,161.93211995848307,175.0,179
3248_25_3_02082021_20_wrp.tiff,129.1490807465208,141.0,151
3248_25_3_02082021_80_wrp.tiff,157.9784912163594,170.0,176
3248_25_3_08012017_20_wrp.tiff,51.23036363756199,55.0,58
3248_25_3_08012017_80_wrp.tiff,119.78213568472637,128.0,131
3249_25_3_01202020_20_wrp.tiff,132.47978001831768,140.0,155
3249_25_3_01202020_80_wrp.tiff,157.65123869510583,167.0,255
3249_25_3_02082021_20_wrp.tiff,128.10550494351824,137.0,144
3249_25_3_02082021_80_wrp.tiff,154.94383378292412,164.0,255
3249_25_3_08012017_20_wrp.tiff,51.97369242263555,54.0,51
3249_25_3_08012017_80_wrp.tiff,64.74743544085436,67.0,71
3253_25_4_01202020_20_wrp.tiff,133.61568439244257,143.0,150
3253_25_4_01202020_80_wrp.tiff,195.59563672204158,212.0,255
3253_25_4_02082021_20_wrp.tiff,134.28208267553788,143.0,154
3253_25_4_02082021_80_wrp.tiff,193.8387666711073,210.0,255
3253_25_4_08012017_20_wrp.tiff,88.12113448869336,95.0,100
3253_25_4_08012017_80_wrp.tiff,137.68285391158477,146.0,156
3254_25_4_01202020_20_wrp.tiff,124.82539147844638,133.0,140
3254_25_4_01202020_80_wrp.tiff,189.65365914119016,205.0,255
3254_25_4_02082021_20_wrp.tiff,123.31517980468045,131.0,140
3254_25_4_02082021_80_wrp.tiff,188.4329867375014,203.0,255
3254_25_4_08012017_20_wrp.tiff,81.67977701922433,87.0,89
3254_25_4_08012017_80_wrp.tiff,131.5774092732389,140.0,154
3255_5_6_01172020_20_wrp.tiff,48.73662113459296,52.0,54
3255_5_6_01172020_80_wrp.tiff,74.88412684501715,80.0,82
3255_5_6_01282021_20_wrp.tiff,43.73740485625928,46.0,48
3255_5_6_01282021_80_wrp.tiff,72.6273699511397,76.0,78
3255_5_6_07262017_20_wrp.tiff,87.83413721643421,94.0,98
3255_5_6_07262017_80_wrp.tiff,131.61862630402425,141.0,146
3256_5_6_01172020_20_wrp.tiff,48.26290154762147,50.0,50
3256_5_6_01172020_80_wrp.tiff,74.74693942167207,79.0,79
3256_5_6_01282021_20_wrp.tiff,44.243054106491435,45.0,45
3256_5_6_01282021_80_wrp.tiff,74.21527117797928,77.0,77
3256_5_6_07262017_20_wrp.tiff,88.85845136363677,94.0,93
3256_5_6_07262017_80_wrp.tiff,74.12905601421234,77.0,77
3257_5_6_01282021_20_wrp.tiff,80.36850356666488,86.0,94
3257_5_6_01282021_80_wrp.tiff,99.04460135085908,106.0,107
3277_24_2_02242021_20_wrp.tiff,108.38576971692964,127.0,7
3277_24_2_02242021_80_wrp.tiff,120.60587505199133,137.0,14
3280_15_2_01142020_20_wrp.tiff,64.49839185317613,65.0,59
3280_15_2_01142020_80_wrp.tiff,114.39531184688288,118.0,115
3280_15_2_02182021_20_wrp.tiff,90.09899751422228,92.0,92
3280_15_2_02182021_80_wrp.tiff,129.56635411721555,134.0,134
3285_15_2_02182021_20_wrp.tiff,174.77762079262405,188.0,200
3285_15_2_02182021_80_wrp.tiff,208.72830146775277,227.0,255
3286_15_2_02182021_20_wrp.tiff,153.01014043142106,163.0,188
3286_15_2_02182021_80_wrp.tiff,202.98207478750317,221.0,255
3298_15_2_01142020_20_wrp.tiff,119.60626882937251,126.0,134
3298_15_2_01142020_80_wrp.tiff,191.75568353756245,206.0,255
3305_15_2_01142020_20_wrp.tiff,65.34438667478153,67.0,68
3305_15_2_01142020_80_wrp.tiff,118.90217878061333,123.0,127
3305_15_2_02182021_20_wrp.tiff,103.11298746020844,108.0,115
3305_15_2_02182021_80_wrp.tiff,137.28520505363323,143.0,148
3311_15_2_01142020_20_wrp.tiff,84.20390348880444,87.0,103
3311_15_2_01142020_80_wrp.tiff,136.66456665769542,142.0,165
3315_15_2_01142020_20_wrp.tiff,95.32741076799051,103.0,116
3315_15_2_01142020_80_wrp.tiff,154.55540710226907,164.0,183
3315_15_2_02182021_20_wrp.tiff,121.39779184700947,132.0,146
3315_15_2_02182021_80_wrp.tiff,163.97731289539502,174.0,255
3327_34_10_03142016_20_wrp.tiff,71.0880567730456,73.0,69
3327_34_10_03142016_80_wrp.tiff,115.797804095124,120.0,118
3333_34_10_03142016_20_wrp.tiff,78.04040102670447,82.0,80
3333_34_10_03142016_80_wrp.tiff,119.24976133290721,126.0,132
3339_34_10_03142016_20_wrp.tiff,71.95446671066821,75.0,73
3339_34_10_03142016_80_wrp.tiff,119.17588194728121,127.0,128
3340_34_8_03142016_20_wrp.tiff,122.57436389801944,126.0,132
3340_34_8_03142016_80_wrp.tiff,96.79536858930713,99.0,100
3346_34_8_03152016_20_wrp.tiff,117.42541353196935,129.0,141
3346_34_8_03152016_80_wrp.tiff,98.86599202277607,104.0,112
3353_34_8_03152016_20_wrp.tiff,117.63715667706805,127.0,134
3353_34_8_03152016_80_wrp.tiff,100.48103491131958,103.0,104
3354_36_6_03152016_20_wrp.tiff,156.30795074593098,169.0,171
3354_36_6_03152016_80_wrp.tiff,173.47363545867103,188.0,191
3358_36_6_03152016_20_wrp.tiff,160.52087616116307,173.0,166
3358_36_6_03152016_80_wrp.tiff,177.97646435123326,193.0,191
3359_36_4_03162016_20_wrp.tiff,157.11518491205072,164.0,163
3359_36_4_03162016_80_wrp.tiff,150.14671399539392,159.0,160
3360_36_4_03162016_20_wrp.tiff,153.96227965477837,162.0,165
3360_36_4_03162016_80_wrp.tiff,155.00351324745165,164.0,165
3366_36_5_03162016_20_wrp.tiff,150.41324051890598,157.0,152
3366_36_5_03162016_80_wrp.tiff,145.9817335761885,154.0,155
3371_36_7_03182016_20_wrp.tiff,74.1807094757995,76.0,94
3371_36_7_03182016_80_wrp.tiff,128.733397412509,134.0,146
3373_36_7_03162016_20_wrp.tiff,105.76876516227256,108.0,98
3373_36_7_03162016_80_wrp.tiff,121.12716011007285,124.0,118
3375_36_5_03162016_20_wrp.tiff,149.67025768393495,158.0,168
3375_36_5_03162016_80_wrp.tiff,145.86588956472946,155.0,160
3381_34_4_03172016_20_wrp.tiff,97.16474776184437,106.0,114
3381_34_4_03172016_80_wrp.tiff,163.42549559888653,176.0,255
3382_34_4_03172016_20_wrp.tiff,105.44061967522609,116.0,126
3382_34_4_03172016_80_wrp.tiff,109.47788099967573,117.0,122
3383_34_4_03172016_20_wrp.tiff,113.7458021639309,113.0,95
3383_34_4_03172016_80_wrp.tiff,113.0247872784805,116.0,122
3384_34_4_03172016_20_wrp.tiff,112.04422447745812,115.0,104
3384_34_4_03172016_80_wrp.tiff,116.97703215177832,122.0,124
3387_34_4_03172016_20_wrp.tiff,109.49169927724796,115.0,118
3387_34_4_03172016_80_wrp.tiff,112.37221455616948,118.0,123
3388_34_4_03172016_20_wrp.tiff,119.83101513640386,122.0,117
3388_34_4_03172016_80_wrp.tiff,118.096970798524,123.0,123
3389_34_4_03172016_20_wrp.tiff,120.19550016421664,122.0,122
3389_34_4_03172016_80_wrp.tiff,127.85781278216203,130.0,131
3393_34_4_03172016_20_wrp.tiff,107.01356318427088,116.0,126
3393_34_4_03172016_80_wrp.tiff,105.54897547852528,113.0,122
3394_30_1_03182016_20_wrp.tiff,116.15781676620912,121.0,124
3394_30_1_03182016_80_wrp.tiff,144.17682589880434,151.0,159
3395_30_1_03182016_20_wrp.tiff,120.66184182371714,125.0,125
3395_30_1_03182016_80_wrp.tiff,146.90168533828634,155.0,160
3396_30_1_04042016_20_wrp.tiff,119.1214060222045,123.0,122
3396_30_1_04042016_80_wrp.tiff,111.13179881815739,115.0,118
3399_24_3_03012021_20_wrp.tiff,129.76951478784056,137.0,141
3399_24_3_03012021_80_wrp.tiff,98.68369833437431,103.0,101
3400_24_3_03012021_20_wrp.tiff,120.93140056578457,139.0,146
3400_24_3_03012021_80_wrp.tiff,110.46954514831961,125.0,127
3401_24_3_03012021_20_wrp.tiff,101.42042126536144,115.0,8
3401_24_3_03012021_80_wrp.tiff,90.51911081201717,101.0,103
3402_24_3_03012021_20_wrp.tiff,109.43729824645754,126.0,129
3402_24_3_03012021_80_wrp.tiff,94.78934595135873,106.0,108
3404_24_3_03012021_20_wrp.tiff,114.45690056665103,132.0,138
3404_24_3_03012021_80_wrp.tiff,98.9440476762408,111.0,116
3411_30_1_03182016_20_wrp.tiff,120.11338763754338,120.0,118
3411_30_1_03182016_80_wrp.tiff,128.46475042584342,129.0,126
3413_38_4_01292021_20_wrp.tiff,81.2722248994707,93.0,4
3413_38_4_01292021_80_wrp.tiff,107.76581215689197,120.0,6
3416_38_4_01292021_20_wrp.tiff,86.04728532884478,98.0,5
3416_38_4_01292021_80_wrp.tiff,113.2045789747271,128.0,7
3417_38_4_01292021_20_wrp.tiff,75.05386641901406,85.0,3
3417_38_4_01292021_80_wrp.tiff,102.30032764521783,117.0,5
3420_38_4_01292021_20_wrp.tiff,71.68123483623506,81.0,4
3420_38_4_01292021_80_wrp.tiff,103.58435619036271,118.0,7
3427_38_4_01292021_20_wrp.tiff,90.395946212894,103.0,5
3427_38_4_01292021_80_wrp.tiff,115.98402003713522,131.0,8
3436_38_4_01292021_20_wrp.tiff,81.27591219076548,92.0,4
3436_38_4_01292021_80_wrp.tiff,106.23148385553301,120.0,5
3441_38_4_01292021_20_wrp.tiff,79.07875470083438,91.0,3
3441_38_4_01292021_80_wrp.tiff,103.74746007611105,118.0,4
3452_38_4_01292021_20_wrp.tiff,89.43669601733625,102.0,4
3452_38_4_01292021_80_wrp.tiff,115.10555258463884,131.0,5
3453_38_4_01292021_20_wrp.tiff,89.58323810209657,102.0,4
3453_38_4_01292021_80_wrp.tiff,112.03062370693085,127.0,8
3456_38_4_01292021_20_wrp.tiff,82.12031878038339,94.0,98
3456_38_4_01292021_80_wrp.tiff,109.48145067666891,124.0,5
3457_38_4_01292021_20_wrp.tiff,89.45760928799318,101.0,5
3457_38_4_01292021_80_wrp.tiff,112.85572037928779,128.0,7
3458_38_4_01292021_20_wrp.tiff,83.19737324608455,95.0,3
3458_38_4_01292021_80_wrp.tiff,109.88945517837001,125.0,5
3459_38_4_01292021_20_wrp.tiff,99.2119218968631,114.0,4
3459_38_4_01292021_80_wrp.tiff,123.34113274565784,141.0,5
3463_38_4_01292021_20_wrp.tiff,94.1834369343649,107.0,5
3463_38_4_01292021_80_wrp.tiff,117.90988682975043,133.0,8
3465_38_4_01292021_20_wrp.tiff,90.09849767704938,103.0,4
3465_38_4_01292021_80_wrp.tiff,117.67727610105075,133.0,8
3471_38_4_01292021_20_wrp.tiff,87.32879770760839,97.0,5
3471_38_4_01292021_80_wrp.tiff,120.32795250515439,135.0,8
3500_24_2_02262021_20_wrp.tiff,107.12226727203888,127.0,7
3500_24_2_02262021_80_wrp.tiff,119.84157645710323,136.0,14
3501_24_2_02262021_20_wrp.tiff,101.72797739053824,119.0,7
3501_24_2_02262021_80_wrp.tiff,113.59796248488946,129.0,13
3501_24_2_08172016_20_wrp.tiff,118.00454292717218,124.0,124
3501_24_2_08172016_80_wrp.tiff,135.2878222466648,139.0,132
3502_24_2_02262021_20_wrp.tiff,107.78677772720819,127.0,130
3502_24_2_02262021_80_wrp.tiff,119.32710963397784,136.0,13
3503_24_2_02242021_20_wrp.tiff,94.47531108111424,109.0,6
3503_24_2_02242021_80_wrp.tiff,104.44632659426514,118.0,12
3504_24_2_02262021_20_wrp.tiff,108.51685574580183,128.0,7
3504_24_2_02262021_80_wrp.tiff,121.37578688321439,138.0,14
3534_15_1_01142020_20_wrp.tiff,103.43584540354534,110.0,116
3534_15_1_01142020_80_wrp.tiff,158.54472131876486,170.0,178
3534_15_1_02182021_20_wrp.tiff,82.50296137215821,91.0,4
3534_15_1_02182021_80_wrp.tiff,115.82955945528153,129.0,7
3536_15_1_02182021_20_wrp.tiff,65.43023271944604,64.0,3
3536_15_1_02182021_80_wrp.tiff,97.84968836613473,97.0,6
3538_15_1_01142020_20_wrp.tiff,99.24972152791548,106.0,109
3538_15_1_01142020_80_wrp.tiff,152.75047443214123,165.0,174
3538_15_1_02182021_20_wrp.tiff,123.64442973080614,134.0,141
3538_15_1_02182021_80_wrp.tiff,153.7282739801382,165.0,173
3545_15_1_01142020_20_wrp.tiff,106.43419844183111,114.0,119
3545_15_1_01142020_80_wrp.tiff,161.76235624332242,174.0,180
3545_15_1_02182021_20_wrp.tiff,95.60940330443935,107.0,5
3545_15_1_02182021_80_wrp.tiff,131.396621538431,147.0,8
3547_15_1_01142020_20_wrp.tiff,44.821454427999015,38.0,12
3547_15_1_01142020_80_wrp.tiff,89.30183504896647,85.0,42
3548_15_1_02182021_20_wrp.tiff,75.13541513858017,81.0,4
3548_15_1_02182021_80_wrp.tiff,109.18356058639756,119.0,6
3549_15_1_01142020_20_wrp.tiff,44.56316083263912,41.0,26
3549_15_1_01142020_80_wrp.tiff,89.82767760629055,87.0,65
3549_15_1_02182021_20_wrp.tiff,64.89216897287642,69.0,4
3549_15_1_02182021_80_wrp.tiff,94.92300447298825,102.0,6
3551_15_1_01142020_20_wrp.tiff,52.68765861235749,52.0,41
3551_15_1_01142020_80_wrp.tiff,98.29938703332361,101.0,120
3554_15_1_02182021_20_wrp.tiff,72.50393992287967,73.0,4
3554_15_1_02182021_80_wrp.tiff,96.41058536494143,100.0,6
3555_15_1_01142020_20_wrp.tiff,55.008423535813556,55.0,75
3555_15_1_01142020_80_wrp.tiff,103.99110800450477,108.0,127
3555_15_1_02182021_20_wrp.tiff,67.8503845049027,73.0,4
3555_15_1_02182021_80_wrp.tiff,101.2260203032984,110.0,6
3555_15_1_05302017_80_wrp.tiff,77.66064378029341,81.0,99
3558_15_1_01142020_20_wrp.tiff,54.19012553336205,54.0,66
3558_15_1_01142020_80_wrp.tiff,93.37837185420503,96.0,100
3558_15_1_02182021_20_wrp.tiff,64.27292280314066,69.0,3
3558_15_1_02182021_80_wrp.tiff,93.9502489413815,103.0,6
3600_24_4_02242021_20_wrp.tiff,74.55509213080069,84.0,7
3600_24_4_02242021_80_wrp.tiff,96.13089741753444,107.0,108
3602_24_4_02242021_20_wrp.tiff,83.43790751472596,96.0,97
3602_24_4_02242021_80_wrp.tiff,111.0220853434272,125.0,130
3602_24_4_05172017_80_wrp.tiff,181.94654171904708,192.0,193
3603_24_4_02242021_20_wrp.tiff,87.08443687348155,99.0,108
3603_24_4_02242021_80_wrp.tiff,113.98040576958412,128.0,136
3604_24_4_02242021_20_wrp.tiff,87.10993429821642,101.0,107
3604_24_4_02242021_80_wrp.tiff,112.89039918281226,128.0,132
3607_24_4_02242021_20_wrp.tiff,97.48831793069206,111.0,119
3607_24_4_02242021_80_wrp.tiff,123.35761369745158,138.0,145
3608_24_4_02242021_20_wrp.tiff,85.73292256180969,95.0,8
3608_24_4_02242021_80_wrp.tiff,111.40859751740471,122.0,25
3609_24_4_02242021_20_wrp.tiff,90.40168157113868,104.0,114
3609_24_4_02242021_80_wrp.tiff,120.21747295271696,136.0,142
3610_24_4_02242021_20_wrp.tiff,75.64086240300196,86.0,7
3610_24_4_02242021_80_wrp.tiff,98.68282449091966,111.0,116
3611_24_4_02242021_20_wrp.tiff,91.61877289269472,105.0,9
3611_24_4_02242021_80_wrp.tiff,117.54869391939685,132.0,27
3611_24_4_05172017_80_wrp.tiff,136.91095210923132,144.0,141
3625_25_4_01202020_20_wrp.tiff,113.5605333551459,121.0,125
3625_25_4_01202020_80_wrp.tiff,170.4378005610057,183.0,255
3625_25_4_02082021_20_wrp.tiff,109.25720016009126,117.0,122
3625_25_4_02082021_80_wrp.tiff,165.16692796296695,176.0,255
3626_25_4_01202020_20_wrp.tiff,113.37245801274189,122.0,134
3626_25_4_01202020_80_wrp.tiff,170.06084525701107,179.0,255
3626_25_4_02082021_20_wrp.tiff,109.48075252233484,117.0,127
3626_25_4_02082021_80_wrp.tiff,164.45749264921676,173.0,255
3628_25_4_01202020_20_wrp.tiff,110.60934206857054,118.0,134
3628_25_4_01202020_80_wrp.tiff,159.8925852471904,170.0,190
3635_25_4_01202020_20_wrp.tiff,106.24334560403202,111.0,142
3635_25_4_01202020_80_wrp.tiff,154.05306409413834,159.0,187
3635_25_4_02082021_20_wrp.tiff,102.8578393062487,107.0,138
3635_25_4_02082021_80_wrp.tiff,148.44830924692144,153.0,183
3637_25_4_01202020_20_wrp.tiff,114.16250444622891,121.0,123
3637_25_4_01202020_80_wrp.tiff,166.73132761712606,177.0,255
3639_25_4_02082021_20_wrp.tiff,106.09690656840675,113.0,128
3639_25_4_02082021_80_wrp.tiff,153.160847544993,161.0,176
3640_25_4_01202020_20_wrp.tiff,114.32462576695595,120.0,133
3640_25_4_01202020_80_wrp.tiff,162.4242407138976,173.0,255
3640_25_4_02082021_20_wrp.tiff,108.59543875235642,115.0,129
3640_25_4_02082021_80_wrp.tiff,157.26070277150626,167.0,192
3646_5_6_01172020_20_wrp.tiff,83.30526534719213,93.0,95
3646_5_6_01172020_80_wrp.tiff,105.62817159530019,116.0,118
3646_5_6_01282021_20_wrp.tiff,84.39494712108745,93.0,96
3646_5_6_01282021_80_wrp.tiff,104.16015811396097,113.0,115
3647_5_6_01172020_20_wrp.tiff,84.80275650838864,92.0,98
3647_5_6_01172020_80_wrp.tiff,103.79794877958915,112.0,114
3647_5_6_01282021_20_wrp.tiff,81.40082877317224,89.0,95
3647_5_6_01282021_80_wrp.tiff,101.38536248075027,109.0,112
3648_5_6_01282021_20_wrp.tiff,83.21377816131006,89.0,90
3648_5_6_01282021_80_wrp.tiff,103.87751400860111,111.0,112
3650_5_6_01172020_20_wrp.tiff,90.3563663577252,98.0,99
3650_5_6_01172020_80_wrp.tiff,109.807839141067,118.0,120
3652_5_6_01172020_20_wrp.tiff,92.77491640034125,100.0,101
3652_5_6_01172020_80_wrp.tiff,110.79728315317458,119.0,120
3652_5_6_01282021_20_wrp.tiff,88.94619951068114,96.0,96
3652_5_6_01282021_80_wrp.tiff,107.70552023319324,115.0,116
3657_5_6_01172020_20_wrp.tiff,87.02973937611293,92.0,89
3657_5_6_01172020_80_wrp.tiff,106.33990171973014,114.0,116
3657_5_6_01282021_20_wrp.tiff,83.89833696501368,89.0,98
3657_5_6_01282021_80_wrp.tiff,102.66202145064493,110.0,112
3659_5_6_01172020_20_wrp.tiff,87.65627438221718,95.0,99
3659_5_6_01172020_80_wrp.tiff,106.58717096710896,115.0,116
3659_5_6_01282021_20_wrp.tiff,85.05659242225802,92.0,98
3659_5_6_01282021_80_wrp.tiff,103.97977979768328,112.0,114
3666_5_6_01172020_20_wrp.tiff,82.18508792332275,88.0,101
3666_5_6_01172020_80_wrp.tiff,102.09202103612442,110.0,116
3666_5_6_01282021_20_wrp.tiff,80.08975650342656,86.0,99
3666_5_6_01282021_80_wrp.tiff,100.6715224286235,108.0,114
3675_5_5_01172020_20_wrp.tiff,69.66287721551969,72.0,67
3675_5_5_01172020_80_wrp.tiff,99.39083163877542,105.0,109
3675_5_5_02022021_20_wrp.tiff,61.827044170917105,61.0,54
3675_5_5_02022021_80_wrp.tiff,92.43955834551743,96.0,89
3676_5_5_01172020_20_wrp.tiff,72.85383898015817,77.0,80
3676_5_5_01172020_80_wrp.tiff,104.42058449674892,112.0,114
3680_5_5_01172020_20_wrp.tiff,69.33769703161488,73.0,76
3680_5_5_01172020_80_wrp.tiff,99.58679943553813,106.0,109
3680_5_5_02022021_20_wrp.tiff,60.28765618060732,62.0,64
3680_5_5_02022021_80_wrp.tiff,91.7944231227005,97.0,100
3684_5_5_02022021_20_wrp.tiff,56.66469064929769,59.0,64
3684_5_5_02022021_80_wrp.tiff,85.79456249429501,91.0,96
3685_5_5_01172020_20_wrp.tiff,65.5317229097414,69.0,74
3685_5_5_01172020_80_wrp.tiff,96.13666359553247,102.0,106
3685_5_5_02022021_20_wrp.tiff,55.77000944557883,57.0,51
3685_5_5_02022021_80_wrp.tiff,85.53251241828583,90.0,91
3687_5_5_01172020_20_wrp.tiff,75.49823470154651,81.0,90
3687_5_5_01172020_80_wrp.tiff,104.39423206175414,112.0,119
3689_5_5_01172020_20_wrp.tiff,68.82782187905735,73.0,74
3689_5_5_01172020_80_wrp.tiff,98.67403612312206,106.0,110
3689_5_5_02022021_20_wrp.tiff,59.080662566907776,62.0,65
3689_5_5_02022021_80_wrp.tiff,89.59826349243048,95.0,100
3690_5_5_01172020_20_wrp.tiff,76.62095611446473,81.0,80
3690_5_5_01172020_80_wrp.tiff,105.36405102066594,113.0,116
3690_5_5_02022021_20_wrp.tiff,72.02428561228507,76.0,81
3690_5_5_02022021_80_wrp.tiff,102.41867849698575,109.0,111
3693_5_5_01172020_20_wrp.tiff,71.26254342693503,76.0,81
3693_5_5_01172020_80_wrp.tiff,101.36297116800795,108.0,112
3693_5_5_02022021_20_wrp.tiff,63.82138995519331,66.0,66
3693_5_5_02022021_80_wrp.tiff,94.57941996362355,100.0,102
3696_5_5_01172020_20_wrp.tiff,66.92515942518457,70.0,74
3696_5_5_01172020_80_wrp.tiff,95.66041764774326,101.0,102
3696_5_5_02022021_20_wrp.tiff,59.32544794489343,60.0,58
3696_5_5_02022021_80_wrp.tiff,88.85637305508007,93.0,93
3699_5_5_01172020_20_wrp.tiff,69.40566857149541,72.0,77
3699_5_5_01172020_80_wrp.tiff,100.16324208948215,106.0,111
3699_5_5_02022021_20_wrp.tiff,61.36852577518452,62.0,64
3699_5_5_02022021_80_wrp.tiff,92.72890488293467,97.0,102
3703_5_5_01172020_20_wrp.tiff,73.50081694683549,79.0,86
3703_5_5_01172020_80_wrp.tiff,102.83749403295589,110.0,115
3703_5_5_02022021_20_wrp.tiff,67.3228521092204,71.0,83
3703_5_5_02022021_80_wrp.tiff,97.60542471777543,104.0,108
3705_5_5_02022021_20_wrp.tiff,58.20693534219634,60.0,63
3705_5_5_02022021_80_wrp.tiff,89.40859242648544,94.0,96
3706_5_5_02022021_20_wrp.tiff,59.6422586255363,61.0,57
3706_5_5_02022021_80_wrp.tiff,89.80208240051114,95.0,96
3709_5_5_01172020_20_wrp.tiff,75.65807380257395,81.0,87
3709_5_5_01172020_80_wrp.tiff,105.72435210211567,113.0,118
3709_5_5_02022021_20_wrp.tiff,65.17793959815141,69.0,72
3709_5_5_02022021_80_wrp.tiff,100.5174942584912,107.0,111
3713_5_5_01172020_20_wrp.tiff,78.90289812744274,83.0,84
3713_5_5_01172020_80_wrp.tiff,108.41643557182925,116.0,119
3713_5_5_02022021_20_wrp.tiff,71.69313886981176,75.0,73
3713_5_5_02022021_80_wrp.tiff,103.62517627555765,110.0,113
3714_25_3_02082021_20_wrp.tiff,92.78940157847948,97.0,105
3714_25_3_02082021_80_wrp.tiff,110.10796354425173,115.0,139
3718_25_3_02082021_20_wrp.tiff,91.13196895066415,96.0,100
3718_25_3_02082021_80_wrp.tiff,109.49217060781703,116.0,134
3720_25_3_02082021_20_wrp.tiff,99.6226379453693,104.0,119
3720_25_3_02082021_80_wrp.tiff,117.56315849169236,126.0,141
3726_25_3_01202020_20_wrp.tiff,104.85288234177301,112.0,120
3726_25_3_01202020_80_wrp.tiff,122.85689116019233,131.0,148
3726_25_3_02082021_20_wrp.tiff,104.50089715197907,111.0,122
3726_25_3_02082021_80_wrp.tiff,114.20370388448491,122.0,138
3734_25_3_01202020_20_wrp.tiff,100.04128142143297,104.0,116
3734_25_3_01202020_80_wrp.tiff,117.95907387524834,124.0,136
3735_25_3_01202020_20_wrp.tiff,99.25744810151575,102.0,95
3735_25_3_01202020_80_wrp.tiff,117.09906501803565,122.0,129
3735_25_3_02082021_20_wrp.tiff,88.93051027581377,91.0,83
3735_25_3_02082021_80_wrp.tiff,105.81580877190159,110.0,116
3737_25_3_01202020_20_wrp.tiff,103.59818481136321,115.0,129
3737_25_3_01202020_80_wrp.tiff,121.66365609689137,130.0,148
3737_25_3_02082021_20_wrp.tiff,96.1375416039505,106.0,122
3737_25_3_02082021_80_wrp.tiff,113.20848367888675,121.0,140
3738_25_3_01202020_20_wrp.tiff,98.2139592507219,98.0,85
3738_25_3_01202020_80_wrp.tiff,114.97615145986883,114.0,94
3738_25_3_02082021_20_wrp.tiff,89.58056766706609,89.0,75
3738_25_3_02082021_80_wrp.tiff,105.47823751457881,104.0,82
3742_25_3_01202020_20_wrp.tiff,101.65072903910125,104.0,88
3742_25_3_01202020_80_wrp.tiff,119.81364870470094,124.0,151
3742_25_3_02082021_20_wrp.tiff,93.6570559622088,95.0,77
3742_25_3_02082021_80_wrp.tiff,111.03152420926595,115.0,143
3744_25_3_01202020_20_wrp.tiff,101.3193912746132,101.0,91
3744_25_3_01202020_80_wrp.tiff,118.36177443985044,123.0,141
3744_25_3_02082021_20_wrp.tiff,93.18414908534022,92.0,83
3744_25_3_02082021_80_wrp.tiff,108.82396004698975,113.0,132
3746_25_3_01202020_20_wrp.tiff,107.88880206798719,117.0,129
3746_25_3_01202020_80_wrp.tiff,125.16447765816122,133.0,148
3746_25_3_02082021_20_wrp.tiff,100.1843475118131,108.0,118
3746_25_3_02082021_80_wrp.tiff,116.48438912828527,124.0,142
3747_25_3_01202020_20_wrp.tiff,101.12058450395409,107.0,114
3747_25_3_01202020_80_wrp.tiff,120.2985109883925,128.0,134
3747_25_3_02082021_20_wrp.tiff,92.11958079471036,97.0,103
3747_25_3_02082021_80_wrp.tiff,111.10385932737155,118.0,126
3752_25_3_01202020_80_wrp.tiff,122.85382864134093,127.0,112
3754_25_3_01202020_20_wrp.tiff,103.48704523958168,108.0,115
3754_25_3_01202020_80_wrp.tiff,123.18746898397353,131.0,133
3754_25_3_02082021_20_wrp.tiff,94.24837627671808,98.0,105
3754_25_3_02082021_80_wrp.tiff,113.05557994370287,120.0,125
3759_5_6_01172020_20_wrp.tiff,99.21376683594858,107.0,107
3759_5_6_01172020_80_wrp.tiff,116.85257766483157,126.0,126
3759_5_6_01282021_20_wrp.tiff,95.7252764929672,102.0,104
3759_5_6_01282021_80_wrp.tiff,114.47578594334414,123.0,123
3762_5_6_01172020_20_wrp.tiff,97.6862973758013,106.0,107
3762_5_6_01172020_80_wrp.tiff,113.11790798591788,123.0,126
3763_5_6_01172020_20_wrp.tiff,98.15556687621878,106.0,106
3763_5_6_01172020_80_wrp.tiff,113.25407915220015,122.0,123
3763_5_6_01282021_20_wrp.tiff,95.61495652639195,103.0,103
3763_5_6_01282021_80_wrp.tiff,111.85566561464994,120.0,120
3765_5_6_01172020_20_wrp.tiff,91.77762931928783,106.0,109
3765_5_6_01172020_80_wrp.tiff,107.9962925673457,121.0,125
3765_5_6_01282021_20_wrp.tiff,88.76353146321131,102.0,105
3765_5_6_01282021_80_wrp.tiff,105.90543531932687,119.0,122
3769_5_6_01172020_20_wrp.tiff,100.48314473252186,110.0,112
3769_5_6_01172020_80_wrp.tiff,114.85229356543857,125.0,126
3769_5_6_01282021_20_wrp.tiff,97.63437433060074,107.0,109
3769_5_6_01282021_80_wrp.tiff,113.17130653076995,122.0,124
3770_5_6_01282021_20_wrp.tiff,100.73625648784122,110.0,112
3770_5_6_01282021_80_wrp.tiff,117.81709215631936,128.0,130
3779_5_6_01172020_20_wrp.tiff,92.44720297602723,101.0,101
3779_5_6_01172020_80_wrp.tiff,109.12327794028265,118.0,120
3779_5_6_01282021_20_wrp.tiff,89.65653045244606,98.0,101
3779_5_6_01282021_80_wrp.tiff,107.10689012442357,116.0,117
3797_25_4_01202020_20_wrp.tiff,94.29136472968766,99.0,100
3797_25_4_01202020_80_wrp.tiff,143.24154925648685,152.0,167
3797_25_4_02082021_20_wrp.tiff,89.4869913637658,95.0,94
3797_25_4_02082021_80_wrp.tiff,139.7624271929614,148.0,163
3798_25_4_01202020_20_wrp.tiff,96.43491714035775,102.0,109
3798_25_4_01202020_80_wrp.tiff,145.06533720944947,154.0,169
3799_25_4_01202020_20_wrp.tiff,103.58413351558323,108.0,105
3799_25_4_01202020_80_wrp.tiff,155.5860954519638,164.0,178
3802_25_4_01202020_20_wrp.tiff,101.15205373360679,106.0,108
3802_25_4_01202020_80_wrp.tiff,153.1747997582582,162.0,169
3803_25_4_01202020_20_wrp.tiff,103.5773818674687,110.0,122
3803_25_4_01202020_80_wrp.tiff,156.94468219355,166.0,255
3809_25_4_01202020_20_wrp.tiff,107.20602591823636,113.0,119
3809_25_4_01202020_80_wrp.tiff,161.14890280948572,171.0,255
3809_25_4_02082021_20_wrp.tiff,104.04203914980303,110.0,117
3809_25_4_02082021_80_wrp.tiff,156.37868793518635,165.0,255
3810_25_4_01202020_20_wrp.tiff,102.99989594081826,109.0,115
3810_25_4_01202020_80_wrp.tiff,154.10003665122605,163.0,176
3810_25_4_02082021_20_wrp.tiff,97.62538295484002,104.0,111
3810_25_4_02082021_80_wrp.tiff,149.71451089183296,158.0,170
3811_25_3_01202020_20_wrp.tiff,101.76059048907838,107.0,121
3811_25_3_01202020_80_wrp.tiff,119.49790592498496,126.0,149
3811_25_3_02082021_20_wrp.tiff,94.93105739821296,99.0,115
3811_25_3_02082021_80_wrp.tiff,111.12811353501571,118.0,140
3831_22_3_01172020_20_wrp.tiff,81.60876243751146,85.0,97
3831_22_3_01172020_80_wrp.tiff,78.91387292773827,80.0,82
3831_22_3_01292021_20_wrp.tiff,66.09916346475497,67.0,67
3831_22_3_01292021_80_wrp.tiff,61.929900376836414,62.0,63
3832_22_3_01172020_20_wrp.tiff,81.63154895014384,84.0,84
3832_22_3_01172020_80_wrp.tiff,79.18689642727885,80.0,78
3832_22_3_01292021_20_wrp.tiff,66.5878664365655,67.0,67
3832_22_3_01292021_80_wrp.tiff,62.20699113844992,62.0,58
3833_22_3_01172020_20_wrp.tiff,78.69520724191707,82.0,82
3833_22_3_01172020_80_wrp.tiff,75.46831611988397,77.0,72
3833_22_3_01292021_20_wrp.tiff,63.07194292235494,64.0,63
3833_22_3_01292021_80_wrp.tiff,58.19226609751223,58.0,54
3836_22_3_01172020_20_wrp.tiff,81.9303719541822,84.0,82
3836_22_3_01172020_80_wrp.tiff,76.00211013971871,77.0,72
3836_22_3_01292021_20_wrp.tiff,67.28807326872527,68.0,68
3836_22_3_01292021_80_wrp.tiff,65.23942626578331,65.0,60
3837_22_3_01172020_20_wrp.tiff,76.71837363293801,79.0,81
3837_22_3_01172020_80_wrp.tiff,74.37106901627521,75.0,72
3837_22_3_01292021_20_wrp.tiff,61.75602015292938,63.0,66
3837_22_3_01292021_80_wrp.tiff,60.58170975613864,60.0,58
3842_22_3_01172020_20_wrp.tiff,87.19163049740646,91.0,92
3842_22_3_01172020_80_wrp.tiff,80.42546658041911,82.0,82
3843_22_3_01172020_20_wrp.tiff,85.99915572191027,89.0,89
3843_22_3_01172020_80_wrp.tiff,85.7400509167272,88.0,85
3843_22_3_01292021_20_wrp.tiff,71.09418203729408,72.0,70
3843_22_3_01292021_80_wrp.tiff,68.47240032720775,69.0,66
3844_22_3_01172020_20_wrp.tiff,89.8480897227057,90.0,91
3844_22_3_01172020_80_wrp.tiff,85.86293722940977,85.0,80
3844_22_3_01292021_20_wrp.tiff,76.22971359942339,75.0,70
3844_22_3_01292021_80_wrp.tiff,72.91895306971387,71.0,67
3845_22_3_01172020_20_wrp.tiff,85.33517160400984,90.0,93
3845_22_3_01172020_80_wrp.tiff,81.23920017913711,83.0,83
3845_22_3_01292021_20_wrp.tiff,70.60972392931379,73.0,78
3845_22_3_01292021_80_wrp.tiff,67.62752763694427,68.0,67
3849_22_3_01172020_20_wrp.tiff,83.33242160321356,87.0,90
3849_22_3_01172020_80_wrp.tiff,79.76741334374582,81.0,82
3849_22_3_01292021_20_wrp.tiff,68.72198065014588,71.0,76
3849_22_3_01292021_80_wrp.tiff,62.885952143643316,63.0,63
3850_22_3_01172020_20_wrp.tiff,88.3979019329593,92.0,90
3850_22_3_01172020_80_wrp.tiff,84.43521697624823,87.0,86
3850_22_3_01292021_20_wrp.tiff,69.43390121871562,71.0,69
3850_22_3_01292021_80_wrp.tiff,67.90507168139351,69.0,68
3851_22_3_01292021_20_wrp.tiff,64.35446588913655,66.0,73
3851_22_3_01292021_80_wrp.tiff,61.45302855135329,62.0,62
3855_17_1_01302020_20_wrp.tiff,68.65846814778513,71.0,70
3855_17_1_01302020_80_wrp.tiff,128.87177544705293,138.0,152
3857_17_1_01302020_20_wrp.tiff,60.94389566115652,62.0,61
3857_17_1_01302020_80_wrp.tiff,114.32559346412317,121.0,128
3857_17_1_02222021_20_wrp.tiff,99.78588165244417,110.0,114
3857_17_1_02222021_80_wrp.tiff,122.79390569811741,136.0,145
3858_17_1_02222021_20_wrp.tiff,95.36934046332273,103.0,100
3858_17_1_02222021_80_wrp.tiff,116.71281831790559,129.0,135
3859_17_1_01302020_20_wrp.tiff,98.7502977566412,103.0,120
3859_17_1_01302020_80_wrp.tiff,113.90272995130948,119.0,115
3859_17_1_02222021_20_wrp.tiff,101.75858325581153,112.0,10
3859_17_1_02222021_80_wrp.tiff,123.02478212125219,135.0,135
3865_17_1_01302020_20_wrp.tiff,99.12720987914929,103.0,97
3865_17_1_01302020_80_wrp.tiff,115.43722184377776,122.0,127
3865_17_1_02222021_20_wrp.tiff,101.05138787181019,111.0,109
3865_17_1_02222021_80_wrp.tiff,123.32098372850821,136.0,140
3866_17_1_01302020_20_wrp.tiff,94.2002313048203,98.0,99
3866_17_1_01302020_80_wrp.tiff,110.10801788737382,116.0,136
3866_17_1_02222021_20_wrp.tiff,97.59532623003291,108.0,111
3866_17_1_02222021_80_wrp.tiff,119.7938178848047,132.0,153
3867_17_1_01302020_20_wrp.tiff,93.37358651792225,97.0,98
3867_17_1_01302020_80_wrp.tiff,108.92667386627267,116.0,122
3867_17_1_02222021_20_wrp.tiff,100.63142257137469,111.0,113
3867_17_1_02222021_80_wrp.tiff,120.01947110487399,133.0,143
3868_17_1_01302020_20_wrp.tiff,60.36863248814456,61.0,58
3868_17_1_01302020_80_wrp.tiff,114.75324227595401,121.0,129
3868_17_1_02222021_20_wrp.tiff,99.18172666572758,108.0,107
3868_17_1_02222021_80_wrp.tiff,124.88884332828428,137.0,148
3870_17_1_01302020_20_wrp.tiff,93.89240894140117,98.0,97
3870_17_1_01302020_80_wrp.tiff,110.60868979786879,118.0,133
3870_17_1_02222021_20_wrp.tiff,96.70847875055763,107.0,109
3870_17_1_02222021_80_wrp.tiff,120.5943076091892,134.0,147
3873_17_1_02222021_20_wrp.tiff,99.85100826379346,109.0,106
3873_17_1_02222021_80_wrp.tiff,120.99915061588366,134.0,138
3874_17_1_01302020_20_wrp.tiff,100.03578135932145,103.0,95
3874_17_1_01302020_80_wrp.tiff,116.14103296941538,123.0,130
3874_17_1_02222021_20_wrp.tiff,101.65672187245083,111.0,109
3874_17_1_02222021_80_wrp.tiff,124.2259150471477,138.0,145
3876_17_1_01302020_20_wrp.tiff,94.88884566911732,97.0,96
3876_17_1_01302020_80_wrp.tiff,110.84397103656634,117.0,125
3876_17_1_02222021_20_wrp.tiff,98.91072281930504,109.0,110
3876_17_1_02222021_80_wrp.tiff,120.19038126418491,133.0,145
3878_17_1_02222021_20_wrp.tiff,97.05901343922025,108.0,111
3878_17_1_02222021_80_wrp.tiff,120.26297461636035,134.0,150
3880_17_1_01302020_20_wrp.tiff,35.078811234013145,37.0,44
3880_17_1_01302020_80_wrp.tiff,116.20524996192378,124.0,141
3880_17_1_02222021_20_wrp.tiff,100.633829760697,111.0,125
3880_17_1_02222021_80_wrp.tiff,125.31739508772735,140.0,152
3883_35_1_01272020_20_wrp.tiff,108.94708862401885,111.0,100
3883_35_1_01272020_80_wrp.tiff,83.45028311252737,85.0,88
3884_35_1_01272020_20_wrp.tiff,102.22888689618522,107.0,121
3884_35_1_01272020_80_wrp.tiff,76.32613433078745,78.0,80
3884_35_1_02222021_20_wrp.tiff,102.19553765693394,115.0,6
3884_35_1_02222021_80_wrp.tiff,79.1493850803176,90.0,7
3885_35_1_02222021_20_wrp.tiff,104.28029737249639,121.0,6
3885_35_1_02222021_80_wrp.tiff,82.49986848681844,94.0,8
3886_35_1_01272020_20_wrp.tiff,112.42049178233115,117.0,124
3886_35_1_01272020_80_wrp.tiff,84.4942856175068,86.0,85
3886_35_1_02222021_20_wrp.tiff,106.19896021614498,125.0,6
3886_35_1_02222021_80_wrp.tiff,85.1165561955683,98.0,8
3887_35_1_01272020_20_wrp.tiff,110.60518401843169,117.0,121
3887_35_1_01272020_80_wrp.tiff,82.9032661630654,85.0,83
3887_35_1_02222021_20_wrp.tiff,106.12745523481864,126.0,6
3887_35_1_02222021_80_wrp.tiff,82.94308930492112,96.0,8
3889_35_1_01272020_20_wrp.tiff,108.47490729097656,115.0,112
3889_35_1_01272020_80_wrp.tiff,81.51034701192627,83.0,84
3891_35_1_01272020_20_wrp.tiff,111.98902944139044,117.0,117
3891_35_1_01272020_80_wrp.tiff,81.04318854142012,83.0,85
3891_35_1_02222021_20_wrp.tiff,106.45869450942888,124.0,6
3891_35_1_02222021_80_wrp.tiff,82.23765782565383,95.0,8
3893_35_1_02222021_20_wrp.tiff,110.39148120077866,128.0,6
3893_35_1_02222021_80_wrp.tiff,87.01684209005715,100.0,8
3894_35_1_01272020_20_wrp.tiff,122.72705094773671,128.0,128
3894_35_1_01272020_80_wrp.tiff,87.57025467982703,89.0,85
3895_35_1_01272020_20_wrp.tiff,113.8907933992507,118.0,135
3895_35_1_01272020_80_wrp.tiff,83.4963874015931,85.0,87
3898_35_1_02222021_20_wrp.tiff,104.44752158335936,122.0,6
3898_35_1_02222021_80_wrp.tiff,84.40401546498543,97.0,8
3899_35_1_01272020_20_wrp.tiff,119.77226339701082,126.0,134
3899_35_1_01272020_80_wrp.tiff,85.89079310608554,88.0,86
3899_35_1_02222021_20_wrp.tiff,109.2497261008777,128.0,6
3899_35_1_02222021_80_wrp.tiff,86.28373492627614,99.0,8
3902_35_1_01272020_20_wrp.tiff,115.08251888636484,119.0,113
3902_35_1_01272020_80_wrp.tiff,83.66327249596291,85.0,84
3903_35_1_01272020_20_wrp.tiff,119.08554110867644,128.0,139
3903_35_1_01272020_80_wrp.tiff,85.13060388025934,87.0,86
3904_35_1_01272020_20_wrp.tiff,118.21628865895892,124.0,124
3904_35_1_01272020_80_wrp.tiff,85.46469717905981,88.0,86
3905_35_1_01272020_20_wrp.tiff,127.0528545806065,135.0,139
3905_35_1_01272020_80_wrp.tiff,88.02849322661011,91.0,91
3905_35_1_02222021_20_wrp.tiff,115.88056962207334,139.0,6
3905_35_1_02222021_80_wrp.tiff,87.9856110556877,103.0,8
3907_35_1_02222021_20_wrp.tiff,112.86239163931506,133.0,6
3907_35_1_02222021_80_wrp.tiff,87.42494925049573,101.0,8
3921_20_1_01232020_20_wrp.tiff,88.11718590657314,93.0,99
3921_20_1_01232020_80_wrp.tiff,155.599946631491,163.0,166
3921_20_1_02042021_20_wrp.tiff,134.3866159989901,142.0,149
3921_20_1_02042021_80_wrp.tiff,154.33526604823604,162.0,165
3922_20_1_01232020_20_wrp.tiff,90.4319837032401,90.0,85
3922_20_1_01232020_80_wrp.tiff,156.08788632898816,161.0,161
3922_20_1_02042021_20_wrp.tiff,88.76688012010874,89.0,83
3922_20_1_02042021_80_wrp.tiff,155.55176667560443,160.0,163
3923_24_2_02262021_20_wrp.tiff,102.90507797480264,120.0,6
3923_24_2_02262021_80_wrp.tiff,181.21076389741071,207.0,255
3924_24_2_02242021_20_wrp.tiff,105.2123474070314,124.0,7
3924_24_2_02242021_80_wrp.tiff,116.12634129134412,131.0,13
3925_24_2_02242021_20_wrp.tiff,100.08218871406866,117.0,6
3925_24_2_02242021_80_wrp.tiff,111.3988882317552,127.0,13
3926_24_2_02262021_20_wrp.tiff,105.1758289282275,123.0,7
3926_24_2_02262021_80_wrp.tiff,116.9471666461778,132.0,14
3927_24_2_02242021_20_wrp.tiff,116.65550909193635,132.0,13
3927_24_2_02242021_80_wrp.tiff,116.48509107378761,132.0,13
3928_24_2_02242021_20_wrp.tiff,103.10533950048149,121.0,7
3928_24_2_02242021_80_wrp.tiff,115.5446625996271,131.0,13
3929_24_2_02262021_20_wrp.tiff,100.37404361538694,115.0,6
3929_24_2_02262021_80_wrp.tiff,111.65868793417408,126.0,13
3930_24_2_02262021_20_wrp.tiff,91.53829928934984,105.0,6
3930_24_2_02262021_80_wrp.tiff,102.40607498249473,115.0,12
3931_24_2_02242021_20_wrp.tiff,115.65538090263,136.0,143
3931_24_2_02242021_80_wrp.tiff,124.44780430762285,142.0,14
3932_24_2_02262021_20_wrp.tiff,96.36114420992351,113.0,6
3932_24_2_02262021_80_wrp.tiff,107.47882004949483,122.0,12
3933_24_2_02242021_20_wrp.tiff,111.04206185485764,117.0,118
3933_24_2_02242021_80_wrp.tiff,121.20812368802679,125.0,121
4050_17_1_02222021_20_wrp.tiff,100.85486299096736,113.0,119
4050_17_1_02222021_80_wrp.tiff,123.85846246629619,138.0,152
4058_17_1_01302020_20_wrp.tiff,95.29251264979037,101.0,108
4058_17_1_01302020_80_wrp.tiff,112.1911081721448,121.0,136
4061_17_1_02222021_20_wrp.tiff,101.33413635151653,113.0,120
4061_17_1_02222021_80_wrp.tiff,123.68692018631998,138.0,154
4063_17_1_01302020_20_wrp.tiff,93.82384799207718,97.0,99
4063_17_1_01302020_80_wrp.tiff,111.27966022866102,119.0,128
4067_22_3_01172020_20_wrp.tiff,111.05308139109076,114.0,144
4067_22_3_01172020_80_wrp.tiff,103.16668222472741,106.0,123
4072_22_3_01172020_20_wrp.tiff,148.41985620863917,152.0,140
4072_22_3_01172020_80_wrp.tiff,136.79733879967893,142.0,146
4072_22_3_01292021_20_wrp.tiff,145.5445059498695,149.0,139
4072_22_3_01292021_80_wrp.tiff,133.62886768793385,138.0,142
4074_22_3_01292021_20_wrp.tiff,92.8928165281478,92.0,65
4074_22_3_01292021_80_wrp.tiff,85.87994278473053,84.0,75
4082_22_3_01172020_20_wrp.tiff,97.95970419364053,99.0,102
4082_22_3_01172020_80_wrp.tiff,93.1949198019921,93.0,85
4084_22_3_01292021_20_wrp.tiff,84.76165513036213,83.0,86
4084_22_3_01292021_80_wrp.tiff,77.62713386114079,76.0,69
4086_22_3_01172020_20_wrp.tiff,146.9719148462848,154.0,145
4086_22_3_01172020_80_wrp.tiff,135.69310662075674,142.0,147
4086_22_3_01292021_20_wrp.tiff,144.2059035413425,151.0,143
4086_22_3_01292021_80_wrp.tiff,133.19402840594273,139.0,140
4137_25_1_01302020_20_wrp.tiff,116.25821317309419,123.0,133
4137_25_1_01302020_80_wrp.tiff,92.12639602857426,97.0,101
4138_25_1_01302020_20_wrp.tiff,109.62787598857193,114.0,133
4138_25_1_01302020_80_wrp.tiff,84.34325818938692,89.0,103
4139_25_1_01302020_20_wrp.tiff,125.64771046179858,137.0,148
4139_25_1_01302020_80_wrp.tiff,96.87536643650968,106.0,115
4140_25_1_01302020_20_wrp.tiff,118.47731922768772,118.0,107
4140_25_1_01302020_80_wrp.tiff,92.70928015665316,95.0,90
4141_25_1_01302020_20_wrp.tiff,117.30357381154307,123.0,139
4141_25_1_01302020_80_wrp.tiff,92.15942856062976,97.0,104
4142_25_1_01302020_20_wrp.tiff,128.02807989617997,134.0,130
4142_25_1_01302020_80_wrp.tiff,99.7402275176524,105.0,114
4143_25_1_01302020_20_wrp.tiff,125.55036495027284,133.0,144
4143_25_1_01302020_80_wrp.tiff,87.34223080784818,93.0,107
4144_25_1_01302020_20_wrp.tiff,121.59337372889048,125.0,121
4144_25_1_01302020_80_wrp.tiff,94.80115816502935,99.0,108
4145_25_1_01302020_20_wrp.tiff,107.9512984546889,114.0,121
4145_25_1_01302020_80_wrp.tiff,80.50853038848325,86.0,90
4146_25_1_01302020_20_wrp.tiff,120.06125244763437,123.0,118
4146_25_1_01302020_80_wrp.tiff,87.77095096442075,92.0,93
4151_5_8_01292020_20_wrp.tiff,112.95135836048121,118.0,118
4151_5_8_01292020_80_wrp.tiff,88.16933272743745,92.0,92
4152_5_8_01292020_20_wrp.tiff,106.0064508130008,113.0,123
4152_5_8_01292020_80_wrp.tiff,83.15522320454834,88.0,89
4153_5_8_01292020_20_wrp.tiff,107.131889622683,113.0,115
4153_5_8_01292020_80_wrp.tiff,81.54657417406906,86.0,84
4154_5_8_01292020_20_wrp.tiff,97.63176940750175,101.0,98
4154_5_8_01292020_80_wrp.tiff,79.73799209899407,83.0,80
4155_5_8_01292020_20_wrp.tiff,114.39082163651798,118.0,114
4155_5_8_01292020_80_wrp.tiff,87.71631769826551,91.0,89
4156_5_8_01292020_20_wrp.tiff,116.02381919960209,121.0,121
4156_5_8_01292020_80_wrp.tiff,88.01637635522881,92.0,91
4157_5_8_01292020_20_wrp.tiff,112.77458167873623,120.0,121
4157_5_8_01292020_80_wrp.tiff,98.62751458048264,105.0,106
4158_5_8_01292020_20_wrp.tiff,98.53434020321598,102.0,99
4158_5_8_01292020_80_wrp.tiff,79.71848429135919,84.0,83
4159_5_8_01292020_20_wrp.tiff,122.92008834986432,132.0,136
4159_5_8_01292020_80_wrp.tiff,98.044779493235,105.0,107
4160_5_8_01292020_20_wrp.tiff,117.41565567995988,122.0,120
4160_5_8_01292020_80_wrp.tiff,96.96826608977634,102.0,102
4163_17_1_01302020_20_wrp.tiff,91.56178794658953,95.0,96
4163_17_1_01302020_80_wrp.tiff,108.9344244865318,117.0,128
4163_17_1_02082021_20_wrp.tiff,86.12341706629404,90.0,88
4163_17_1_02082021_80_wrp.tiff,101.3634003675306,108.0,118
4164_17_1_01302020_20_wrp.tiff,88.80465632357365,93.0,116
4164_17_1_01302020_80_wrp.tiff,105.32037010678289,110.0,108
4165_17_1_01302020_20_wrp.tiff,91.92653944407404,95.0,111
4165_17_1_01302020_80_wrp.tiff,109.94177300384723,115.0,113
4165_17_1_02082021_20_wrp.tiff,86.80588169230808,90.0,110
4165_17_1_02082021_80_wrp.tiff,102.60930830898621,107.0,136
4166_17_1_01302020_20_wrp.tiff,82.04250633222102,83.0,80
4166_17_1_01302020_80_wrp.tiff,99.26830253786227,103.0,106
4166_17_1_02082021_20_wrp.tiff,77.24541201122601,78.0,73
4166_17_1_02082021_80_wrp.tiff,92.23763418798103,96.0,100
4167_17_1_01302020_20_wrp.tiff,79.57894680938593,79.0,74
4167_17_1_01302020_80_wrp.tiff,97.97395680610943,102.0,105
4167_17_1_02082021_20_wrp.tiff,74.41374448053101,74.0,69
4167_17_1_02082021_80_wrp.tiff,91.3946742756784,95.0,98
4168_17_1_01302020_20_wrp.tiff,92.68826318837007,98.0,113
4168_17_1_01302020_80_wrp.tiff,107.81430985480475,113.0,118
4168_17_1_02082021_20_wrp.tiff,86.89567192685438,92.0,106
4168_17_1_02082021_80_wrp.tiff,100.43239697046405,105.0,107
4169_17_1_01302020_20_wrp.tiff,85.90660448953132,91.0,98
4169_17_1_01302020_80_wrp.tiff,103.06301344643983,111.0,124
4169_17_1_02082021_20_wrp.tiff,80.3791099702779,85.0,90
4169_17_1_02082021_80_wrp.tiff,95.80074777620985,103.0,115
4170_17_1_01302020_20_wrp.tiff,90.6069923591987,94.0,91
4170_17_1_01302020_80_wrp.tiff,108.82688126911259,117.0,126
4170_17_1_02082021_20_wrp.tiff,84.87678885976781,88.0,93
4170_17_1_02082021_80_wrp.tiff,100.7040419908004,108.0,117
4171_17_1_01302020_20_wrp.tiff,87.47517043133749,92.0,105
4171_17_1_01302020_80_wrp.tiff,104.81579129135895,112.0,122
4171_17_1_02082021_20_wrp.tiff,82.10384880315887,86.0,97
4171_17_1_02082021_80_wrp.tiff,97.76258668915561,104.0,113
4172_17_1_01302020_20_wrp.tiff,95.7064784147776,103.0,112
4172_17_1_01302020_80_wrp.tiff,111.15450657132831,118.0,139
4172_17_1_02082021_20_wrp.tiff,89.90350059978505,97.0,105
4172_17_1_02082021_80_wrp.tiff,103.54061599163691,110.0,130
4173_15_3_01302020_20_wrp.tiff,100.82354495139388,106.0,111
4173_15_3_01302020_80_wrp.tiff,91.42821852786565,97.0,105
4174_15_3_01302020_20_wrp.tiff,97.4274733136826,102.0,106
4174_15_3_01302020_80_wrp.tiff,86.77733910376992,92.0,94
4174_15_3_02032021_20_wrp.tiff,80.28289420661237,83.0,86
4174_15_3_02032021_80_wrp.tiff,76.30006665852835,79.0,81
4175_15_3_01302020_20_wrp.tiff,100.8310976394156,108.0,114
4175_15_3_01302020_80_wrp.tiff,89.04729109479835,95.0,100
4175_15_3_02032021_20_wrp.tiff,66.23101774757622,65.0,64
4175_15_3_02032021_80_wrp.tiff,64.0962571209876,64.0,63
4176_15_3_01302020_20_wrp.tiff,99.20745088051186,104.0,107
4176_15_3_01302020_80_wrp.tiff,88.50686782503678,94.0,96
4176_15_3_02032021_20_wrp.tiff,79.86135432019707,82.0,83
4176_15_3_02032021_80_wrp.tiff,76.64885542740659,80.0,81
4177_15_3_01302020_20_wrp.tiff,107.95284266852714,114.0,122
4177_15_3_01302020_80_wrp.tiff,93.37786198542103,99.0,103
4177_15_3_02032021_20_wrp.tiff,84.62822428314749,88.0,95
4177_15_3_02032021_80_wrp.tiff,77.52796757592061,81.0,84
4178_15_3_01302020_20_wrp.tiff,93.64964489659069,97.0,124
4178_15_3_01302020_80_wrp.tiff,87.57820564403632,91.0,96
4178_15_3_02032021_20_wrp.tiff,65.46610114288607,63.0,53
4178_15_3_02032021_80_wrp.tiff,66.21027057671351,67.0,64
4179_15_3_01302020_80_wrp.tiff,87.42847728405029,92.0,95
4179_15_3_02032021_20_wrp.tiff,72.46501546220992,75.0,78
4179_15_3_02032021_80_wrp.tiff,70.32310191516007,72.0,77
4180_15_3_01302020_20_wrp.tiff,88.78859383992906,91.0,90
4180_15_3_01302020_80_wrp.tiff,84.40727988441908,88.0,91
4181_15_3_01302020_20_wrp.tiff,91.62343632025578,96.0,98
4181_15_3_01302020_80_wrp.tiff,84.09710777240036,89.0,91
4181_15_3_02032021_20_wrp.tiff,69.37910339643473,69.0,65
4181_15_3_02032021_80_wrp.tiff,68.16762027733137,70.0,70
4182_15_3_01302020_20_wrp.tiff,97.41970873435461,101.0,118
4182_15_3_01302020_80_wrp.tiff,89.687307270541,95.0,97
4182_15_3_02032021_20_wrp.tiff,82.69285031033922,84.0,63
4182_15_3_02032021_80_wrp.tiff,78.40797416096179,81.0,86
4185_22_4_02022021_20_wrp.tiff,78.9978903696386,83.0,84
4185_22_4_02022021_80_wrp.tiff,101.2925201638812,106.0,106
4185_22_4_09142018_20_wrp.tiff,95.24079862481787,100.0,102
4185_22_4_09142018_80_wrp.tiff,119.92102328933059,126.0,128
4186_22_4_02022021_20_wrp.tiff,70.6193375180565,72.0,93
4186_22_4_02022021_80_wrp.tiff,91.36451201661497,95.0,107
4186_22_4_09142018_20_wrp.tiff,85.20731050998236,88.0,110
4186_22_4_09142018_80_wrp.tiff,107.6091104448422,112.0,126
4187_22_4_02022021_20_wrp.tiff,81.97369907761326,92.0,102
4187_22_4_02022021_80_wrp.tiff,101.26337822447185,108.0,119
4187_22_4_09142018_20_wrp.tiff,96.52717905718757,107.0,117
4187_22_4_09142018_80_wrp.tiff,114.32658297753458,121.0,133
4188_22_4_02022021_20_wrp.tiff,62.150885650729606,63.0,55
4188_22_4_02022021_80_wrp.tiff,81.04621345414868,83.0,82
4188_22_4_09142018_20_wrp.tiff,74.65587843567839,76.0,69
4188_22_4_09142018_80_wrp.tiff,95.06384696734004,99.0,97
4189_22_4_02022021_20_wrp.tiff,60.51585140881903,59.0,49
4189_22_4_02022021_80_wrp.tiff,83.04442271759488,84.0,78
4189_22_4_09142018_20_wrp.tiff,79.00960255971596,79.0,71
4189_22_4_09142018_80_wrp.tiff,104.3995277010682,107.0,107
4190_22_4_09142018_20_wrp.tiff,91.14230447081506,95.0,99
4190_22_4_09142018_80_wrp.tiff,117.44514177139081,123.0,126
4191_22_4_02022021_20_wrp.tiff,70.74449819907768,72.0,66
4191_22_4_02022021_80_wrp.tiff,91.57185309950732,95.0,96
4191_22_4_09142018_20_wrp.tiff,89.32859023300448,92.0,87
4191_22_4_09142018_80_wrp.tiff,110.90381690334692,116.0,120
4192_22_4_02022021_20_wrp.tiff,72.9594599524594,76.0,78
4192_22_4_02022021_80_wrp.tiff,93.22228288194647,97.0,102
4192_22_4_09142018_20_wrp.tiff,86.99977173498225,92.0,95
4192_22_4_09142018_80_wrp.tiff,108.32270991587701,114.0,119
4193_22_4_02022021_20_wrp.tiff,75.55092042067615,78.0,78
4193_22_4_02022021_80_wrp.tiff,100.94589409912201,106.0,108
4193_22_4_09142018_20_wrp.tiff,93.83123519848145,98.0,99
4193_22_4_09142018_80_wrp.tiff,134.36882839286196,142.0,144
4194_22_4_02022021_20_wrp.tiff,77.07028489519867,78.0,81
4194_22_4_02022021_80_wrp.tiff,98.42430424502017,101.0,103
4194_22_4_09142018_20_wrp.tiff,90.79521000456835,93.0,97
4194_22_4_09142018_80_wrp.tiff,131.88987771733505,137.0,137
4240_20_1_02042021_20_wrp.tiff,37.48413132945209,32.0,28
4240_20_1_02042021_80_wrp.tiff,97.86940849870196,94.0,78
4250_20_1_01302020_20_wrp.tiff,89.78607026594757,93.0,87
4250_20_1_01302020_80_wrp.tiff,102.65131713580921,107.0,111
4250_20_1_02162021_20_wrp.tiff,91.07871061148381,105.0,7
4250_20_1_02162021_80_wrp.tiff,100.75852762172285,115.0,18
4251_20_1_01302020_20_wrp.tiff,84.90690621530048,90.0,96
4251_20_1_01302020_80_wrp.tiff,97.40308727528604,102.0,107
4251_20_1_02162021_20_wrp.tiff,87.16170022606515,97.0,113
4251_20_1_02162021_80_wrp.tiff,98.16948631907519,111.0,125
4252_20_1_01302020_20_wrp.tiff,82.01869001714401,85.0,79
4252_20_1_01302020_80_wrp.tiff,95.08856354949897,98.0,106
4252_20_1_02162021_20_wrp.tiff,87.82576034809266,99.0,99
4252_20_1_02162021_80_wrp.tiff,100.29736375159935,113.0,116
4253_20_1_01302020_20_wrp.tiff,78.09893046472112,81.0,84
4253_20_1_01302020_80_wrp.tiff,90.97188260946835,94.0,97
4255_20_1_01302020_20_wrp.tiff,88.61080635594371,91.0,87
4255_20_1_01302020_80_wrp.tiff,100.77132971466841,104.0,104
4255_20_1_02162021_20_wrp.tiff,91.12143473465103,105.0,7
4255_20_1_02162021_80_wrp.tiff,101.17179587534413,115.0,121
4261_20_1_02042021_20_wrp.tiff,87.00265186764362,89.0,85
4261_20_1_02042021_80_wrp.tiff,150.36009164504472,155.0,156
4262_20_1_01232020_20_wrp.tiff,85.06115736194532,88.0,87
4262_20_1_01232020_80_wrp.tiff,147.93567473076118,153.0,157
4262_20_1_02042021_20_wrp.tiff,83.36156197464085,86.0,88
4262_20_1_02042021_80_wrp.tiff,145.23595822907615,150.0,150
4265_20_1_01232020_20_wrp.tiff,78.2279254784889,80.0,81
4265_20_1_01232020_80_wrp.tiff,141.90189812006338,146.0,145
4265_20_1_02042021_20_wrp.tiff,76.96243050162163,79.0,81
4265_20_1_02042021_80_wrp.tiff,139.73456124723464,144.0,143
4267_20_1_01232020_20_wrp.tiff,95.18265356395104,92.0,83
4267_20_1_01232020_80_wrp.tiff,159.7888706491997,161.0,152
4268_20_1_01302020_20_wrp.tiff,80.51411407053813,85.0,87
4268_20_1_01302020_80_wrp.tiff,93.36880189579244,97.0,99
4268_20_1_02162021_20_wrp.tiff,82.81481609149188,96.0,101
4268_20_1_02162021_80_wrp.tiff,95.65360333786509,110.0,112
4270_20_1_01232020_20_wrp.tiff,79.22847315151901,84.0,86
4270_20_1_01232020_80_wrp.tiff,142.33973744856644,149.0,153
4270_20_1_02042021_80_wrp.tiff,138.49036667013405,147.0,154
4272_20_1_02162021_20_wrp.tiff,74.01770398661013,81.0,6
4272_20_1_02162021_80_wrp.tiff,86.9069943488303,98.0,15
4273_20_1_01302020_20_wrp.tiff,89.42298167000749,92.0,84
4273_20_1_01302020_80_wrp.tiff,101.59790825848636,105.0,104
4274_20_1_01302020_20_wrp.tiff,97.62155392060771,95.0,86
4274_20_1_01302020_80_wrp.tiff,109.28998583865514,110.0,104
4274_20_1_02162021_20_wrp.tiff,94.21710785572404,103.0,7
4274_20_1_02162021_80_wrp.tiff,106.0716755371097,117.0,6
4276_20_1_01302020_20_wrp.tiff,90.06064007885506,90.0,86
4276_20_1_01302020_80_wrp.tiff,101.88576042029871,104.0,102
4276_20_1_02162021_20_wrp.tiff,94.32915156523268,106.0,7
4276_20_1_02162021_80_wrp.tiff,104.50866606905564,117.0,121
4278_12_1_02102021_20_wrp.tiff,82.08057696393651,93.0,97
4278_12_1_02102021_80_wrp.tiff,97.97355656030528,110.0,4
4278_12_1_03112020_20_wrp.tiff,85.84841381361719,90.0,92
4278_12_1_03112020_80_wrp.tiff,111.58658119135644,116.0,116
4279_12_1_02102021_20_wrp.tiff,74.28295228456089,97.0,3
4279_12_1_02102021_80_wrp.tiff,84.2198990682732,109.0,4
4279_12_1_03112020_20_wrp.tiff,82.64162406761461,88.0,85
4279_12_1_03112020_80_wrp.tiff,111.61844698542289,118.0,118
4280_12_1_02102021_20_wrp.tiff,89.0880580643999,98.0,4
4280_12_1_02102021_80_wrp.tiff,100.34293270206634,112.0,4
4280_12_1_03112020_20_wrp.tiff,84.9788855703331,91.0,94
4280_12_1_03112020_80_wrp.tiff,116.01114528149024,123.0,128
4281_12_1_02102021_20_wrp.tiff,94.75602367758698,108.0,115
4281_12_1_02102021_80_wrp.tiff,105.53120742499898,120.0,4
4281_12_1_03112020_20_wrp.tiff,84.74532530883035,90.0,96
4281_12_1_03112020_80_wrp.tiff,112.73276002502053,118.0,122
4282_12_1_02102021_20_wrp.tiff,89.0255660232831,99.0,4
4282_12_1_02102021_80_wrp.tiff,101.03417940364551,113.0,4
4282_12_1_03112020_20_wrp.tiff,87.72203517798735,92.0,91
4282_12_1_03112020_80_wrp.tiff,119.29640048306312,125.0,124
4317_20_1_01232020_20_wrp.tiff,81.98100607629088,86.0,95
4317_20_1_01232020_80_wrp.tiff,144.1881272622455,151.0,155
4317_20_1_02042021_20_wrp.tiff,80.74573972759157,86.0,97
4317_20_1_02042021_80_wrp.tiff,141.84758130818597,149.0,157
4318_20_1_01232020_20_wrp.tiff,79.46772200397557,81.0,80
4318_20_1_01232020_80_wrp.tiff,142.67503561748669,148.0,146
4318_20_1_02042021_20_wrp.tiff,78.68143804553279,82.0,84
4318_20_1_02042021_80_wrp.tiff,140.39759601451934,147.0,151
4324_20_1_01232020_20_wrp.tiff,84.67723973563956,86.0,84
4324_20_1_01232020_80_wrp.tiff,147.6206389192016,151.0,146
4324_20_1_02042021_20_wrp.tiff,82.5132389895379,85.0,86
4324_20_1_02042021_80_wrp.tiff,144.20755844783477,148.0,147
4326_20_1_01232020_20_wrp.tiff,72.1465524606873,75.0,87
4326_20_1_01232020_80_wrp.tiff,132.21596387158746,138.0,145
4326_20_1_02042021_20_wrp.tiff,66.86619981975737,70.0,70
4326_20_1_02042021_80_wrp.tiff,125.10742417845572,132.0,134
4327_20_1_01232020_20_wrp.tiff,79.75559063981112,83.0,86
4327_20_1_01232020_80_wrp.tiff,142.30141967581412,148.0,152
4327_20_1_02042021_20_wrp.tiff,77.77953499490017,83.0,88
4327_20_1_02042021_80_wrp.tiff,139.52125187587464,147.0,156
4328_20_1_01232020_20_wrp.tiff,78.58883676695305,81.0,73
4328_20_1_01232020_80_wrp.tiff,141.18571157236707,146.0,149
4329_20_1_01232020_20_wrp.tiff,79.13348222469756,81.0,84
4329_20_1_01232020_80_wrp.tiff,141.7924481876847,146.0,148
4331_20_1_01232020_20_wrp.tiff,88.3634426821953,84.0,82
4331_20_1_01232020_80_wrp.tiff,151.98261136030737,153.0,146
4331_20_1_02042021_20_wrp.tiff,85.52190173532304,83.0,78
4331_20_1_02042021_80_wrp.tiff,148.1586359742343,150.0,141
4333_20_1_01232020_20_wrp.tiff,68.64139171359562,70.0,69
4333_20_1_01232020_80_wrp.tiff,128.30966229784823,132.0,134
4333_20_1_02042021_20_wrp.tiff,68.6636883257814,71.0,71
4333_20_1_02042021_80_wrp.tiff,127.10138615554716,132.0,135
4336_20_1_01232020_20_wrp.tiff,77.39210774466609,80.0,82
4336_20_1_01232020_80_wrp.tiff,139.40999167953197,144.0,145
4336_20_1_02042021_20_wrp.tiff,78.21447851054377,82.0,87
4336_20_1_02042021_80_wrp.tiff,140.41721534094953,146.0,147
4349_12_1_02102021_20_wrp.tiff,96.48085418950188,107.0,4
4349_12_1_02102021_80_wrp.tiff,108.08254978078187,122.0,4
4349_12_1_03112020_20_wrp.tiff,89.57603600808334,94.0,90
4349_12_1_03112020_80_wrp.tiff,122.37192264145747,127.0,124
4350_12_1_02102021_20_wrp.tiff,93.4434549459891,104.0,119
4350_12_1_02102021_80_wrp.tiff,105.92929033207486,119.0,4
4350_12_1_03112020_20_wrp.tiff,86.00262493377838,92.0,93
4350_12_1_03112020_80_wrp.tiff,115.31725640874953,122.0,124
4351_12_1_02102021_20_wrp.tiff,101.06119655395698,112.0,4
4351_12_1_02102021_80_wrp.tiff,114.80925393067443,129.0,5
4351_12_1_03112020_20_wrp.tiff,106.38832751126267,113.0,117
4351_12_1_03112020_80_wrp.tiff,144.36372128213046,153.0,158
4352_12_1_02102021_20_wrp.tiff,100.79485228343985,112.0,4
4352_12_1_02102021_80_wrp.tiff,107.3098846712954,121.0,4
4352_12_1_03112020_20_wrp.tiff,114.40258002605727,122.0,126
4352_12_1_03112020_80_wrp.tiff,152.26817013555385,162.0,162
4353_12_1_02102021_20_wrp.tiff,84.07421481577408,93.0,105
4353_12_1_02102021_80_wrp.tiff,95.21362090834697,107.0,4
4353_12_1_03112020_20_wrp.tiff,88.3660514163521,94.0,95
4353_12_1_03112020_80_wrp.tiff,115.13332042577473,121.0,120
4354_12_1_03112020_20_wrp.tiff,94.4876346672786,97.0,97
4354_12_1_03112020_80_wrp.tiff,128.16825656545177,133.0,133
4355_12_1_02102021_20_wrp.tiff,85.86522713431191,96.0,93
4355_12_1_02102021_80_wrp.tiff,105.81018110443351,118.0,4
4355_12_1_03112020_20_wrp.tiff,92.17336608732057,95.0,88
4355_12_1_03112020_80_wrp.tiff,124.57968131002401,129.0,120
4474_7_1_01172020_20_wrp.tiff,100.59921706874248,107.0,111
4474_7_1_01172020_80_wrp.tiff,136.09302948723123,143.0,143
4475_7_1_01172020_20_wrp.tiff,105.51758830033522,112.0,115
4475_7_1_01172020_80_wrp.tiff,140.12478637433247,146.0,144
4476_7_1_01172020_20_wrp.tiff,107.84052131051354,117.0,123
4476_7_1_01172020_80_wrp.tiff,141.4145228357909,151.0,154
4477_7_1_01172020_20_wrp.tiff,119.62342754812288,129.0,132
4477_7_1_01172020_80_wrp.tiff,150.93088919884204,159.0,157
4478_7_1_01172020_20_wrp.tiff,111.34736473563194,119.0,123
4478_7_1_01172020_80_wrp.tiff,142.44870730156012,150.0,151
4479_7_1_01172020_20_wrp.tiff,118.98173076770897,127.0,129
4479_7_1_01172020_80_wrp.tiff,149.54719282433706,158.0,156
4480_7_1_01172020_20_wrp.tiff,117.30819876663266,126.0,129
4480_7_1_01172020_80_wrp.tiff,148.2332606992672,157.0,158
4481_7_1_01172020_20_wrp.tiff,119.82596711700603,129.0,133
4481_7_1_01172020_80_wrp.tiff,151.24128150094955,160.0,159
4482_7_1_01172020_20_wrp.tiff,110.46117484780424,118.0,120
4482_7_1_01172020_80_wrp.tiff,142.90608393707652,151.0,151
4509_12_1_03112020_20_wrp.tiff,127.17006348228043,131.0,129
4509_12_1_03112020_80_wrp.tiff,141.31873438821,147.0,142
4510_12_1_03112020_20_wrp.tiff,136.17342068763858,145.0,155
4510_12_1_03112020_80_wrp.tiff,155.0529635941979,166.0,174
4511_12_1_03112020_20_wrp.tiff,132.52714036061352,140.0,155
4511_12_1_03112020_80_wrp.tiff,151.1044981543398,161.0,174
4512_12_1_02082021_20_wrp.tiff,83.85614454622542,82.0,78
4512_12_1_02082021_80_wrp.tiff,94.14525026261042,95.0,85
4512_12_1_03112020_20_wrp.tiff,120.18117460630067,122.0,115
4512_12_1_03112020_80_wrp.tiff,134.25418822519865,138.0,126
4513_12_1_03112020_20_wrp.tiff,118.41665736261045,118.0,111
4513_12_1_03112020_80_wrp.tiff,140.60264227345886,145.0,145
4514_12_1_03112020_20_wrp.tiff,117.63255496789023,119.0,114
4514_12_1_03112020_80_wrp.tiff,134.55567467041004,138.0,131
4515_12_1_03112020_20_wrp.tiff,128.4127492955404,134.0,131
4515_12_1_03112020_80_wrp.tiff,145.1065864685193,153.0,159
4516_12_1_03112020_20_wrp.tiff,130.73123318879658,139.0,141
4516_12_1_03112020_80_wrp.tiff,148.1889760492964,157.0,160
4517_12_1_03112020_20_wrp.tiff,122.38524502278098,125.0,119
4517_12_1_03112020_80_wrp.tiff,139.7370359260294,146.0,139
4518_12_1_03112020_20_wrp.tiff,126.33537941971511,127.0,121
4518_12_1_03112020_80_wrp.tiff,145.5792011888175,149.0,137
4519_12_1_03112020_20_wrp.tiff,118.86234641765382,127.0,135
4519_12_1_03112020_80_wrp.tiff,136.75111761661523,146.0,156
4520_12_1_03112020_20_wrp.tiff,119.74153108045887,123.0,115
4520_12_1_03112020_80_wrp.tiff,135.3868652546655,142.0,157
4521_12_1_03112020_20_wrp.tiff,134.0254245698877,143.0,151
4521_12_1_03112020_80_wrp.tiff,151.13053365147422,161.0,171
4522_12_1_03112020_20_wrp.tiff,110.42104107853125,109.0,103
4522_12_1_03112020_80_wrp.tiff,127.78523479230896,132.0,117
4523_12_1_03112020_20_wrp.tiff,115.81508453997701,126.0,142
4523_12_1_03112020_80_wrp.tiff,136.5423361972285,149.0,164
4524_12_1_02082021_20_wrp.tiff,91.64390334709634,101.0,103
4524_12_1_02082021_80_wrp.tiff,106.08278532333634,114.0,118
4524_12_1_03112020_20_wrp.tiff,131.68453863568556,141.0,152
4524_12_1_03112020_80_wrp.tiff,147.59555570763365,157.0,168
4525_12_1_02082021_20_wrp.tiff,87.46731240728985,88.0,87
4525_12_1_02082021_80_wrp.tiff,101.99167429669754,105.0,98
4525_12_1_03112020_20_wrp.tiff,124.5590296233831,129.0,120
4525_12_1_03112020_80_wrp.tiff,141.48288626468545,147.0,140
4526_12_1_03112020_20_wrp.tiff,121.46310490044799,125.0,108
4526_12_1_03112020_80_wrp.tiff,140.6375182461946,147.0,143
4527_12_1_03112020_20_wrp.tiff,124.38578179498262,132.0,140
4527_12_1_03112020_80_wrp.tiff,142.60021859169552,152.0,157
4528_12_1_03112020_20_wrp.tiff,126.9418128848019,131.0,125
4528_12_1_03112020_80_wrp.tiff,145.45834034200328,153.0,150
4529_12_1_02082021_20_wrp.tiff,92.26821021774519,98.0,96
4529_12_1_02082021_80_wrp.tiff,105.82682277985083,112.0,124
4529_12_1_03112020_20_wrp.tiff,128.82182210158106,136.0,136
4529_12_1_03112020_80_wrp.tiff,144.8392179118432,153.0,159
4530_12_1_03112020_20_wrp.tiff,128.76018568134577,136.0,146
4530_12_1_03112020_80_wrp.tiff,149.23372793934413,159.0,169
4531_12_1_03112020_20_wrp.tiff,132.99343455305126,140.0,155
4531_12_1_03112020_80_wrp.tiff,150.1372630931998,159.0,175
4532_12_1_03112020_20_wrp.tiff,128.87883680769508,136.0,154
4532_12_1_03112020_80_wrp.tiff,146.4175560382995,155.0,164
4533_12_1_03112020_20_wrp.tiff,126.36182367109333,133.0,148
4533_12_1_03112020_80_wrp.tiff,143.89372709219393,152.0,165
4534_12_1_02082021_20_wrp.tiff,92.56068960812915,96.0,87
4534_12_1_02082021_80_wrp.tiff,109.58137818106341,115.0,120
4534_12_1_03112020_20_wrp.tiff,126.84049739443753,133.0,123
4534_12_1_03112020_80_wrp.tiff,147.0543682589587,155.0,155
4535_12_1_03112020_20_wrp.tiff,121.41902137579164,124.0,120
4535_12_1_03112020_80_wrp.tiff,139.20985527965175,144.0,140
4536_12_1_03112020_20_wrp.tiff,125.16639913862879,130.0,125
4536_12_1_03112020_80_wrp.tiff,144.13205124637818,154.0,160
4537_12_1_03112020_20_wrp.tiff,119.08611895999704,122.0,117
4537_12_1_03112020_80_wrp.tiff,135.95978759444526,140.0,132
4538_12_1_03112020_20_wrp.tiff,131.6194691196444,137.0,157
4538_12_1_03112020_80_wrp.tiff,149.57832503302475,158.0,176
4539_12_1_03232020_20_wrp.tiff,114.39176689451506,119.0,140
4539_12_1_03232020_80_wrp.tiff,135.76819419754418,144.0,157
4540_12_1_03232020_20_wrp.tiff,125.94506525513435,133.0,144
4540_12_1_03232020_80_wrp.tiff,144.30455659486856,154.0,174
4541_12_1_02082021_20_wrp.tiff,82.99415708887545,85.0,104
4541_12_1_02082021_80_wrp.tiff,99.04297769108692,103.0,126
4541_12_1_03232020_20_wrp.tiff,119.63256756719503,124.0,146
4541_12_1_03232020_80_wrp.tiff,138.61359026833657,146.0,134
4542_12_1_03232020_20_wrp.tiff,120.52912597881188,124.0,143
4542_12_1_03232020_80_wrp.tiff,137.90466843314087,146.0,173
4543_12_1_03232020_20_wrp.tiff,131.77961424859853,142.0,161
4543_12_1_03232020_80_wrp.tiff,147.4821066356006,159.0,175
4544_12_1_03232020_20_wrp.tiff,123.58610030206589,130.0,137
4544_12_1_03232020_80_wrp.tiff,139.09094816885874,146.0,150
4545_12_1_03232020_20_wrp.tiff,122.34924019114712,129.0,131
4545_12_1_03232020_80_wrp.tiff,138.4463319175376,148.0,153
4546_12_1_03232020_20_wrp.tiff,134.2953232189291,149.0,156
4546_12_1_03232020_80_wrp.tiff,151.7685643332157,167.0,176
4547_12_1_03232020_20_wrp.tiff,121.97005299323564,132.0,144
4547_12_1_03232020_80_wrp.tiff,139.41362297979418,150.0,163
4548_12_1_02082021_20_wrp.tiff,90.16670752693847,95.0,104
4548_12_1_02082021_80_wrp.tiff,107.90284254581107,113.0,113
4548_12_1_03232020_20_wrp.tiff,126.77366901351633,133.0,127
4548_12_1_03232020_80_wrp.tiff,148.90590350525557,158.0,159
4549_12_1_03232020_20_wrp.tiff,126.67993485156397,134.0,143
4549_12_1_03232020_80_wrp.tiff,143.1713701855094,152.0,158
4550_12_1_02102021_20_wrp.tiff,79.40478748353415,84.0,108
4550_12_1_02102021_80_wrp.tiff,88.422284151049,96.0,4
4550_12_1_03232020_20_wrp.tiff,108.04236131964763,107.0,100
4550_12_1_03232020_80_wrp.tiff,126.3440603497863,132.0,158
4551_12_1_02082021_20_wrp.tiff,84.76651507573187,92.0,101
4551_12_1_02082021_80_wrp.tiff,101.22326268528234,109.0,129
4551_12_1_03232020_20_wrp.tiff,122.33607692835429,129.0,137
4551_12_1_03232020_80_wrp.tiff,142.43353129784296,151.0,173
4552_12_1_03232020_20_wrp.tiff,124.49591502310892,131.0,147
4552_12_1_03232020_80_wrp.tiff,141.47528175323805,150.0,156
4553_12_1_03232020_20_wrp.tiff,120.78214939984545,132.0,148
4553_12_1_03232020_80_wrp.tiff,139.4168881983868,150.0,160
4554_12_1_02102021_20_wrp.tiff,89.70516623130887,95.0,4
4554_12_1_02102021_80_wrp.tiff,102.6781737405107,112.0,4
4554_12_1_03232020_20_wrp.tiff,119.72089147158508,122.0,111
4554_12_1_03232020_80_wrp.tiff,144.93519969551747,153.0,179
4555_12_1_03232020_20_wrp.tiff,117.71649697689732,121.0,121
4555_12_1_03232020_80_wrp.tiff,136.58005533052227,142.0,137
4556_12_1_03232020_20_wrp.tiff,120.86120703184957,125.0,111
4556_12_1_03232020_80_wrp.tiff,137.7844935286597,145.0,150
4557_12_1_03232020_20_wrp.tiff,124.3474438659958,131.0,143
4557_12_1_03232020_80_wrp.tiff,141.81138095000497,150.0,159
4558_12_1_02082021_20_wrp.tiff,81.6654986103937,84.0,71
4558_12_1_02082021_80_wrp.tiff,96.81805836397324,102.0,126
4558_12_1_03232020_20_wrp.tiff,119.32769100394675,122.0,148
4558_12_1_03232020_80_wrp.tiff,138.2881362406818,145.0,171
4760_24_3_03012021_20_wrp.tiff,116.31966539573769,133.0,143
4760_24_3_03012021_80_wrp.tiff,101.25369211857056,114.0,118
4761_24_3_03012021_20_wrp.tiff,109.32006222644905,125.0,127
4761_24_3_03012021_80_wrp.tiff,94.45569262077146,106.0,111
4762_24_3_03012021_20_wrp.tiff,103.43991481572381,120.0,127
4762_24_3_03012021_80_wrp.tiff,90.31985969648628,102.0,107
4763_24_3_03012021_20_wrp.tiff,113.0609800195818,131.0,9
4763_24_3_03012021_80_wrp.tiff,98.84995830150308,112.0,117
4764_24_3_03012021_20_wrp.tiff,101.25041898221998,117.0,8
4764_24_3_03012021_80_wrp.tiff,89.39538877631874,101.0,105
4765_24_3_03012021_20_wrp.tiff,109.20155279980331,126.0,130
4765_24_3_03012021_80_wrp.tiff,94.72935147622267,107.0,109
4831_32_2_11022021_20_wrp.tiff,90.93500751067202,98.0,12
4831_32_2_11022021_80_wrp.tiff,86.80075884622087,93.0,12
4832_32_2_11032021_20_wrp.tiff,98.46479908717583,106.0,13
4832_32_2_11032021_80_wrp.tiff,94.2487527477644,100.0,12
4833_32_2_11032021_20_wrp.tiff,98.41106240682012,105.0,13
4833_32_2_11032021_80_wrp.tiff,91.63450173379637,97.0,12
4835_32_2_11032021_20_wrp.tiff,94.23089479558732,101.0,12
4835_32_2_11032021_80_wrp.tiff,88.46813634300725,94.0,12
4836_32_2_11022021_20_wrp.tiff,87.73063709609374,94.0,12
4836_32_2_11022021_80_wrp.tiff,88.95078122636899,94.0,12
4837_32_2_11032021_20_wrp.tiff,92.55372043359068,100.0,12
4837_32_2_11032021_80_wrp.tiff,93.95073694818868,100.0,12
4838_32_2_11022021_20_wrp.tiff,88.73109528339141,96.0,12
4838_32_2_11022021_80_wrp.tiff,85.5545770983751,92.0,12
4839_32_2_11032021_20_wrp.tiff,92.03042058356303,99.0,12
4839_32_2_11032021_80_wrp.tiff,91.12703216794799,97.0,12
4840_32_2_11022021_20_wrp.tiff,88.70627072593975,95.0,12
4840_32_2_11022021_80_wrp.tiff,90.13109163828561,96.0,12
4841_32_2_11032021_20_wrp.tiff,91.49094804567913,99.0,12
4841_32_2_11032021_80_wrp.tiff,92.80395550919147,99.0,12
4842_32_2_11022021_20_wrp.tiff,94.6784976576732,101.0,12
4842_32_2_11022021_80_wrp.tiff,95.03245758274132,100.0,12
4843_32_2_11032021_20_wrp.tiff,94.70752002122066,101.0,12
4843_32_2_11032021_80_wrp.tiff,92.79360687420781,98.0,12
4844_32_2_11022021_20_wrp.tiff,88.36232567708299,95.0,12
4844_32_2_11022021_80_wrp.tiff,49.91818872779814,53.0,10
4845_32_2_11022021_20_wrp.tiff,89.81812917230243,96.0,12
4845_32_2_11022021_80_wrp.tiff,88.17894987679202,94.0,12
4846_32_2_11032021_20_wrp.tiff,92.47940369157,98.0,12
4846_32_2_11032021_80_wrp.tiff,93.9715288146529,99.0,12
4847_32_2_11032021_20_wrp.tiff,89.13786098311913,96.0,12
4847_32_2_11032021_80_wrp.tiff,87.28057742022436,93.0,12
4848_32_2_11032021_20_wrp.tiff,89.34814392372485,96.0,12
4848_32_2_11032021_80_wrp.tiff,89.37301547860294,95.0,12
4849_32_2_11022021_20_wrp.tiff,91.2249278433233,97.0,12
4849_32_2_11022021_80_wrp.tiff,88.4177709397641,94.0,12
4849_32_2_11032021_20_wrp.tiff,92.81255202869119,99.0,12
4849_32_2_11032021_80_wrp.tiff,91.93652747732506,97.0,12
4850_32_2_11022021_20_wrp.tiff,87.99349959526995,94.0,12
4850_32_2_11022021_80_wrp.tiff,89.4491894444153,94.0,12
4851_32_2_11022021_20_wrp.tiff,88.47746607433565,95.0,12
4851_32_2_11022021_80_wrp.tiff,87.8124819469495,94.0,12
4854_32_2_11022021_20_wrp.tiff,88.60751150237265,95.0,12
4854_32_2_11022021_80_wrp.tiff,87.907349370637,93.0,12
4855_32_2_11022021_20_wrp.tiff,94.71122796421547,102.0,12
4855_32_2_11022021_80_wrp.tiff,93.59608814393704,100.0,12
4856_32_2_11022021_20_wrp.tiff,87.29710524303607,93.0,13
4856_32_2_11022021_80_wrp.tiff,88.37845281017364,93.0,12
4857_32_2_11022021_20_wrp.tiff,89.34147744111901,96.0,12
4857_32_2_11022021_80_wrp.tiff,88.05014010467956,94.0,12
4896_32_2_10262021_20_wrp.tiff,99.79113407363603,109.0,13
4896_32_2_10262021_80_wrp.tiff,91.20192637192825,98.0,12
