,V,I
0,-0.24919,9.5442
1,-0.24608,9.5486
2,-0.23985,9.5471
3,-0.24608,9.5482
4,-0.23985,9.5413
5,-0.22739,9.5488
6,-0.22427,9.5549
7,-0.22739,9.5475
8,-0.21181,9.5496
9,-0.21181,9.5535
10,-0.20558,9.5451
11,-0.18378,9.5401
12,-0.18066,9.5409
13,-0.17443,9.5487
14,-0.15886,9.5386
15,-0.12771,9.5445
16,-0.14017,9.5433
17,-0.10591,9.5384
18,-0.090331,9.5364
19,-0.077872,9.538
20,-0.056068,9.5423
21,-0.037379,9.5379
22,-0.0062298,9.5385
23,0.0031149,9.5399
24,0.021804,9.5376
25,0.034264,9.5439
26,0.040493,9.5368
27,0.090331,9.5269
28,0.096561,9.5379
29,0.10279,9.5425
30,0.11837,9.537
31,0.12148,9.5345
32,0.14017,9.5465
33,0.1682,9.5408
34,0.2087,9.5376
35,0.22739,9.5325
36,0.23362,9.5298
37,0.24919,9.5382
38,0.26788,9.5348
39,0.30214,9.5295
40,0.34575,9.5303
41,0.38313,9.5365
42,0.41116,9.5365
43,0.42674,9.5362
44,0.47969,9.5338
45,0.48281,9.5364
46,0.53264,9.5272
47,0.59806,9.5318
48,0.60117,9.5366
49,0.61363,9.5371
50,0.66658,9.5272
51,0.71019,9.5292
52,0.73823,9.5357
53,0.78806,9.5322
54,0.85348,9.5369
55,0.86282,9.532
56,0.90954,9.5318
57,0.95938,9.5361
58,0.99365,9.5348
59,1.0559,9.5248
60,1.1058,9.5311
61,1.1681,9.5323
62,1.1961,9.5301
63,1.2584,9.5206
64,1.3394,9.5291
65,1.3643,9.5369
66,1.4297,9.5326
67,1.4983,9.5299
68,1.545,9.5351
69,1.626,9.5237
70,1.6602,9.5298
71,1.7537,9.527
72,1.7973,9.5257
73,1.8814,9.5238
74,1.9499,9.5317
75,2.0122,9.5192
76,2.0807,9.5272
77,2.1275,9.5355
78,2.2084,9.5344
79,2.2739,9.5272
80,2.358,9.5225
81,2.4576,9.5328
82,2.5199,9.526
83,2.6103,9.5238
84,2.6726,9.5249
85,2.7598,9.5331
86,2.8595,9.5185
87,2.9467,9.514
88,3.0526,9.5163
89,3.118,9.5227
90,3.2146,9.5225
91,3.2737,9.5289
92,3.3641,9.5239
93,3.47,9.5252
94,3.5541,9.5277
95,3.6444,9.518
96,3.7223,9.5188
97,3.7628,9.5213
98,3.8656,9.5172
99,3.9528,9.523
100,4.0711,9.52
101,4.1397,9.5271
102,4.2518,9.527
103,4.3234,9.5237
104,4.4044,9.5247
105,4.5197,9.5192
106,4.6131,9.5183
107,4.7128,9.519
108,4.8094,9.5149
109,4.9184,9.5182
110,4.99,9.5225
111,5.1146,9.5118
112,5.2392,9.5168
113,5.3545,9.52
114,5.4791,9.5211
115,5.5943,9.5115
116,5.7033,9.5199
117,5.7937,9.5183
118,5.9027,9.5154
119,6.0179,9.5182
120,6.102,9.5124
121,6.2298,9.5182
122,6.3294,9.5113
123,6.4416,9.5163
124,6.5101,9.5214
125,6.6285,9.5196
126,6.7375,9.5217
127,6.8527,9.5128
128,6.9929,9.5125
129,7.105,9.5075
130,7.2016,9.5083
131,7.3013,9.5153
132,7.4041,9.5025
133,7.4944,9.5168
134,7.6065,9.5065
135,7.7155,9.5097
136,7.8246,9.5156
137,7.9056,9.5154
138,8.0083,9.5099
139,8.0831,9.5132
140,8.2357,9.5137
141,8.3448,9.5135
142,8.4756,9.5093
143,8.5659,9.5089
144,8.6531,9.5077
145,8.7621,9.5122
146,8.8525,9.5015
147,8.9553,9.4954
148,9.0643,9.509
149,9.1546,9.5137
150,9.2574,9.52
151,9.3384,9.5049
152,9.4599,9.509
153,9.5689,9.5097
154,9.6997,9.5073
155,9.8181,9.5045
156,9.8928,9.4997
157,10.005,9.5061
158,10.095,9.5034
159,10.201,9.499
160,10.288,9.4999
161,10.382,9.5041
162,10.488,9.512
163,10.566,9.4997
164,10.628,9.5109
165,10.725,9.5077
166,10.787,9.5058
167,10.886,9.5041
168,10.961,9.5058
169,11.064,9.5098
170,11.154,9.4994
171,11.238,9.4937
172,11.341,9.5086
173,11.422,9.5089
174,11.531,9.5031
175,11.615,9.5043
176,11.724,9.5059
177,11.818,9.5109
178,11.914,9.5048
179,12.045,9.5001
180,12.145,9.4926
181,12.257,9.4989
182,12.382,9.5026
183,12.478,9.4983
184,12.581,9.5012
185,12.668,9.5058
186,12.79,9.5082
187,12.871,9.4983
188,12.97,9.4998
189,13.086,9.5039
190,13.16,9.5094
191,13.251,9.4998
192,13.357,9.4994
193,13.431,9.5033
194,13.559,9.4925
195,13.643,9.4981
196,13.755,9.4975
197,13.83,9.5027
198,13.927,9.5019
199,14.045,9.4954
200,14.114,9.5003
201,14.241,9.4998
202,14.335,9.5051
203,14.447,9.4998
204,14.546,9.4923
205,14.643,9.4896
206,14.771,9.4936
207,14.852,9.4931
208,14.955,9.4895
209,15.036,9.504
210,15.141,9.505
211,15.226,9.4956
212,15.319,9.4948
213,15.403,9.5026
214,15.462,9.5028
215,15.565,9.4959
216,15.649,9.4942
217,15.724,9.4994
218,15.811,9.4928
219,15.908,9.4876
220,15.986,9.4891
221,16.073,9.4917
222,16.144,9.5001
223,16.229,9.4975
224,16.294,9.5017
225,16.369,9.4945
226,16.431,9.4981
227,16.515,9.4955
228,16.59,9.4821
229,16.661,9.4946
230,16.742,9.4875
231,16.817,9.4886
232,16.87,9.4926
233,16.961,9.4945
234,17.035,9.4993
235,17.113,9.4943
236,17.175,9.4934
237,17.253,9.4954
238,17.319,9.493
239,17.397,9.4924
240,17.484,9.486
241,17.583,9.4892
242,17.658,9.4875
243,17.755,9.4849
244,17.848,9.4924
245,17.911,9.4928
246,18.023,9.4903
247,18.094,9.4825
248,18.194,9.4872
249,18.256,9.4942
250,18.334,9.4828
251,18.387,9.4915
252,18.437,9.4882
253,18.505,9.4918
254,18.568,9.4869
255,18.615,9.484
256,18.649,9.4921
257,18.708,9.4848
258,18.761,9.5001
259,18.783,9.4902
260,18.864,9.4967
261,18.942,9.4958
262,18.998,9.4906
263,19.079,9.4861
264,19.15,9.4785
265,19.197,9.4898
266,19.256,9.4829
267,19.356,9.4712
268,19.403,9.4869
269,19.456,9.4899
270,19.552,9.4891
271,19.633,9.4849
272,19.686,9.4837
273,19.786,9.4808
274,19.845,9.484
275,19.938,9.483
276,19.982,9.4719
277,20.038,9.4785
278,20.05,9.4858
279,20.088,9.4786
280,20.153,9.4853
281,20.163,9.4878
282,20.209,9.4921
283,20.24,9.4879
284,20.272,9.4846
285,20.281,9.4927
286,20.34,9.4783
287,20.387,9.4852
288,20.452,9.47
289,20.499,9.4798
290,20.539,9.4784
291,20.552,9.4789
292,20.586,9.4795
293,20.617,9.486
294,20.667,9.4941
295,20.686,9.4827
296,20.739,9.4836
297,20.776,9.4876
298,20.81,9.4856
299,20.851,9.4768
300,20.916,9.4734
301,20.932,9.4883
302,20.994,9.4796
303,21.041,9.4767
304,21.066,9.48
305,21.085,9.4811
306,21.134,9.4844
307,21.172,9.4859
308,21.2,9.4829
309,21.281,9.47
310,21.29,9.4867
311,21.34,9.4823
312,21.374,9.4721
313,21.412,9.4774
314,21.446,9.4796
315,21.477,9.4742
316,21.527,9.4812
317,21.558,9.4862
318,21.564,9.4836
319,21.62,9.4736
320,21.627,9.4867
321,21.667,9.4893
322,21.729,9.4739
323,21.764,9.4801
324,21.789,9.4759
325,21.813,9.4835
326,21.845,9.4723
327,21.857,9.4777
328,21.923,9.4775
329,21.975,9.4787
330,22.003,9.4868
331,22.056,9.478
332,22.097,9.4774
333,22.134,9.4785
334,22.197,9.4783
335,22.246,9.4757
336,22.309,9.4716
337,22.331,9.4774
338,22.384,9.4698
339,22.421,9.4693
340,22.464,9.4677
341,22.511,9.4727
342,22.545,9.4797
343,22.561,9.4784
344,22.564,9.488
345,22.611,9.478
346,22.614,9.4773
347,22.645,9.4733
348,22.692,9.4665
349,22.707,9.4786
350,22.723,9.4769
351,22.76,9.4714
352,22.785,9.4825
353,22.798,9.4804
354,22.851,9.4792
355,22.894,9.4745
356,22.935,9.4707
357,22.944,9.4777
358,23.01,9.4745
359,23.028,9.4789
360,23.047,9.4676
361,23.103,9.4673
362,23.159,9.4751
363,23.184,9.4727
364,23.246,9.4727
365,23.296,9.4729
366,23.318,9.4811
367,23.33,9.4705
368,23.396,9.4746
369,23.436,9.4873
370,23.474,9.4739
371,23.539,9.4739
372,23.545,9.4779
373,23.567,9.4756
374,23.601,9.4691
375,23.654,9.4708
376,23.689,9.4756
377,23.72,9.4702
378,23.782,9.4751
379,23.807,9.4733
380,23.841,9.4683
381,23.916,9.4715
382,23.941,9.4674
383,23.988,9.4729
384,24.006,9.4656
385,24.047,9.4701
386,24.038,9.4716
387,24.084,9.4562
388,24.118,9.4728
389,24.134,9.4782
390,24.178,9.4743
391,24.193,9.4744
392,24.237,9.4703
393,24.262,9.4765
394,24.299,9.473
395,24.349,9.4761
396,24.377,9.4646
397,24.414,9.4699
398,24.461,9.4659
399,24.477,9.4599
400,24.52,9.465
401,24.542,9.4731
402,24.598,9.4705
403,24.598,9.4691
404,24.651,9.4716
405,24.692,9.4725
406,24.735,9.4639
407,24.785,9.461
408,24.801,9.4646
409,24.826,9.4644
410,24.882,9.4648
411,24.872,9.465
412,24.888,9.4714
413,24.907,9.4642
414,24.9,9.4742
415,24.882,9.4678
416,24.882,9.467
417,24.888,9.4753
418,24.872,9.4763
419,24.897,9.4668
420,24.91,9.4622
421,24.931,9.4694
422,24.953,9.469
423,25.037,9.4577
424,25.037,9.4622
425,25.056,9.4683
426,25.065,9.4672
427,25.1,9.4689
428,25.109,9.4684
429,25.153,9.4637
430,25.193,9.4639
431,25.215,9.472
432,25.234,9.4635
433,25.287,9.4674
434,25.321,9.4579
435,25.349,9.4622
436,25.389,9.4641
437,25.421,9.4712
438,25.436,9.4677
439,25.455,9.4614
440,25.477,9.4665
441,25.486,9.4717
442,25.52,9.4694
443,25.533,9.4659
444,25.554,9.4566
445,25.545,9.4679
446,25.592,9.4594
447,25.632,9.4548
448,25.657,9.4566
449,25.692,9.457
450,25.72,9.4701
451,25.72,9.4609
452,25.754,9.4631
453,25.735,9.467
454,25.754,9.4663
455,25.763,9.4619
456,25.788,9.4597
457,25.791,9.4638
458,25.797,9.4617
459,25.841,9.4619
460,25.863,9.469
461,25.9,9.4592
462,25.931,9.4667
463,25.972,9.463
464,25.994,9.4653
465,26.031,9.4621
466,26.059,9.4676
467,26.072,9.4618
468,26.096,9.4568
469,26.149,9.4648
470,26.174,9.4644
471,26.233,9.4531
472,26.265,9.4559
473,26.308,9.4655
474,26.352,9.4591
475,26.389,9.452
476,26.417,9.4606
477,26.442,9.4689
478,26.455,9.4538
479,26.467,9.4666
480,26.467,9.4624
481,26.501,9.4583
482,26.536,9.4582
483,26.585,9.4577
484,26.604,9.4634
485,26.638,9.4608
486,26.691,9.4576
487,26.713,9.4604
488,26.775,9.4567
489,26.835,9.4624
490,26.872,9.4583
491,26.909,9.4559
492,26.919,9.4587
493,26.953,9.462
494,26.994,9.4609
495,27.046,9.4497
496,27.137,9.4541
497,27.18,9.4551
498,27.24,9.4569
499,27.261,9.4504
500,27.311,9.4573
501,27.339,9.4661
502,27.374,9.4616
503,27.417,9.4564
504,27.426,9.4598
505,27.436,9.4625
506,27.464,9.4589
507,27.486,9.4519
508,27.514,9.4565
509,27.529,9.4625
510,27.601,9.4588
511,27.623,9.4595
512,27.648,9.4521
513,27.688,9.4614
514,27.722,9.4593
515,27.757,9.4576
516,27.785,9.4509
517,27.847,9.4501
518,27.884,9.4556
519,27.916,9.4506
520,27.975,9.4439
521,28.003,9.4609
522,28.053,9.461
523,28.127,9.4549
524,28.187,9.4567
525,28.243,9.459
526,28.271,9.4574
527,28.342,9.4533
528,28.389,9.4501
529,28.439,9.4524
530,28.51,9.4577
531,28.585,9.4506
532,28.619,9.4515
533,28.669,9.4545
534,28.716,9.4549
535,28.769,9.4524
536,28.806,9.4531
537,28.866,9.4526
538,28.906,9.4547
539,28.947,9.4508
540,28.987,9.4469
541,29.04,9.4535
542,29.096,9.4522
543,29.152,9.4453
544,29.193,9.4488
545,29.221,9.4551
546,29.236,9.4555
547,29.239,9.4554
548,29.295,9.4528
549,29.305,9.4577
550,29.355,9.4588
551,29.38,9.4604
552,29.426,9.4551
553,29.47,9.4595
554,29.538,9.4425
555,29.604,9.4488
556,29.679,9.4459
557,29.753,9.449
558,29.841,9.4484
559,29.89,9.4501
560,29.953,9.4556
561,30.021,9.4525
562,30.09,9.4474
563,30.133,9.4519
564,30.202,9.4471
565,30.267,9.4484
566,30.314,9.4502
567,30.404,9.4405
568,30.451,9.4486
569,30.535,9.4444
570,30.591,9.4567
571,30.644,9.4459
572,30.697,9.4485
573,30.722,9.4549
574,30.731,9.4543
575,30.772,9.4512
576,30.787,9.4488
577,30.844,9.4545
578,30.896,9.4544
579,30.987,9.437
580,31.015,9.445
581,31.096,9.4461
582,31.161,9.449
583,31.211,9.446
584,31.289,9.4489
585,31.339,9.45
586,31.41,9.4452
587,31.448,9.4439
588,31.488,9.4402
589,31.547,9.4494
590,31.632,9.4398
591,31.691,9.4438
592,31.753,9.4465
593,31.809,9.4476
594,31.89,9.4469
595,31.949,9.4465
596,32.024,9.4424
597,32.061,9.4506
598,32.139,9.4526
599,32.189,9.4443
600,32.273,9.4393
601,32.317,9.4437
602,32.373,9.4463
603,32.432,9.4368
604,32.522,9.4374
605,32.56,9.4493
606,32.638,9.4463
607,32.691,9.4389
608,32.772,9.4412
609,32.825,9.4466
610,32.878,9.4407
611,32.949,9.4413
612,32.965,9.4486
613,33.033,9.4395
614,33.074,9.4428
615,33.13,9.4371
616,33.173,9.4395
617,33.239,9.4439
618,33.32,9.4482
619,33.376,9.4405
620,33.426,9.4409
621,33.516,9.4427
622,33.553,9.4462
623,33.634,9.4343
624,33.691,9.434
625,33.743,9.4406
626,33.79,9.4325
627,33.837,9.4311
628,33.896,9.4335
629,33.949,9.4404
630,34.008,9.4361
631,34.067,9.4394
632,34.108,9.4363
633,34.158,9.4349
634,34.189,9.4408
635,34.232,9.4366
636,34.27,9.4337
637,34.285,9.4363
638,34.323,9.4397
639,34.338,9.4373
640,34.385,9.434
641,34.398,9.4504
642,34.472,9.442
643,34.532,9.4418
644,34.6,9.4315
645,34.665,9.4322
646,34.725,9.4317
647,34.781,9.4306
648,34.827,9.4281
649,34.893,9.4316
650,34.943,9.4311
651,34.993,9.428
652,35.052,9.4266
653,35.08,9.4347
654,35.114,9.4396
655,35.17,9.428
656,35.207,9.4371
657,35.257,9.4333
658,35.304,9.429
659,35.357,9.4292
660,35.385,9.4291
661,35.401,9.4334
662,35.444,9.4279
663,35.472,9.4302
664,35.482,9.4377
665,35.516,9.4349
666,35.553,9.4362
667,35.578,9.437
668,35.619,9.4328
669,35.681,9.4276
670,35.718,9.4325
671,35.777,9.4305
672,35.827,9.4185
673,35.89,9.4229
674,35.893,9.4234
675,35.943,9.4192
676,36.005,9.4236
677,36.033,9.4234
678,36.07,9.425
679,36.089,9.4239
680,36.111,9.4333
681,36.108,9.4388
682,36.164,9.4256
683,36.223,9.4239
684,36.238,9.4185
685,36.279,9.4233
686,36.31,9.4178
687,36.341,9.4081
688,36.335,9.4187
689,36.372,9.4247
690,36.4,9.4281
691,36.4,9.412
692,36.419,9.4181
693,36.41,9.4261
694,36.419,9.4158
695,36.404,9.4165
696,36.4,9.4139
697,36.41,9.4205
698,36.407,9.4084
699,36.397,9.4145
700,36.388,9.4207
701,36.363,9.4237
702,36.379,9.4239
703,36.363,9.4253
704,36.376,9.4248
705,36.372,9.4232
706,36.357,9.425
707,36.357,9.4182
708,36.344,9.4196
709,36.347,9.4249
710,36.366,9.4221
711,36.391,9.4079
712,36.422,9.4209
713,36.41,9.422
714,36.447,9.4197
715,36.453,9.4069
716,36.478,9.411
717,36.497,9.4151
718,36.519,9.4108
719,36.544,9.4084
720,36.516,9.4017
721,36.525,9.4111
722,36.5,9.4136
723,36.513,9.4079
724,36.525,9.4047
725,36.534,9.4102
726,36.503,9.4218
727,36.5,9.4086
728,36.5,9.4117
729,36.506,9.418
730,36.522,9.4106
731,36.572,9.3994
732,36.55,9.4038
733,36.522,9.4108
734,36.538,9.402
735,36.516,9.4058
736,36.513,9.4054
737,36.503,9.4153
738,36.534,9.4119
739,36.534,9.4107
740,36.528,9.4103
741,36.566,9.4079
742,36.556,9.4085
743,36.575,9.4033
744,36.606,9.396
745,36.587,9.4034
746,36.603,9.3987
747,36.597,9.3983
748,36.606,9.3982
749,36.59,9.4078
750,36.603,9.4091
751,36.6,9.403
752,36.606,9.4074
753,36.597,9.4109
754,36.587,9.4138
755,36.59,9.4041
756,36.606,9.3958
757,36.622,9.3998
758,36.656,9.3932
759,36.668,9.3899
760,36.678,9.3932
761,36.671,9.4004
762,36.653,9.4041
763,36.662,9.3878
764,36.665,9.4037
765,36.675,9.3973
766,36.671,9.3989
767,36.693,9.3907
768,36.662,9.3956
769,36.643,9.3976
770,36.69,9.3869
771,36.69,9.396
772,36.678,9.3956
773,36.696,9.3967
774,36.687,9.4022
775,36.665,9.3983
776,36.662,9.3974
777,36.709,9.3986
778,36.693,9.4005
779,36.703,9.3952
780,36.721,9.3898
781,36.74,9.3939
782,36.728,9.3813
783,36.771,9.3776
784,36.79,9.3843
785,36.771,9.3891
786,36.777,9.3893
787,36.765,9.3883
788,36.768,9.3914
789,36.759,9.3932
790,36.784,9.3854
791,36.78,9.3905
792,36.774,9.38
793,36.793,9.3881
794,36.802,9.3834
795,36.796,9.3773
796,36.777,9.3846
797,36.759,9.3933
798,36.765,9.3975
799,36.734,9.3856
800,36.74,9.3989
801,36.752,9.3981
802,36.765,9.3877
803,36.79,9.3801
804,36.796,9.3777
805,36.815,9.3823
806,36.861,9.3707
807,36.883,9.3623
808,36.889,9.3718
809,36.877,9.3746
810,36.889,9.3807
811,36.88,9.3757
812,36.88,9.3783
813,36.883,9.3894
814,36.865,9.3886
815,36.88,9.3772
816,36.849,9.3713
817,36.865,9.3755
818,36.874,9.3762
819,36.908,9.3643
820,36.914,9.375
821,36.883,9.3773
822,36.914,9.3834
823,36.893,9.3782
824,36.893,9.3726
825,36.896,9.3832
826,36.893,9.3753
827,36.899,9.374
828,36.896,9.3618
829,36.914,9.3747
830,36.902,9.3727
831,36.924,9.3666
832,36.952,9.3678
833,36.933,9.3752
834,36.933,9.3778
835,36.949,9.3576
836,36.936,9.369
837,36.946,9.3756
838,36.936,9.3748
839,36.961,9.3679
840,36.942,9.3645
841,36.93,9.3671
842,36.964,9.3664
843,36.961,9.3668
844,36.967,9.3634
845,36.98,9.364
846,36.995,9.3655
847,36.983,9.3674
848,37.014,9.3652
849,37.048,9.3596
850,37.042,9.3607
851,37.061,9.3605
852,37.079,9.3502
853,37.083,9.3523
854,37.07,9.3471
855,37.058,9.3534
856,37.058,9.3602
857,37.03,9.3585
858,37.02,9.3679
859,37.017,9.3668
860,37.023,9.3658
861,37.042,9.3604
862,37.048,9.3599
863,37.048,9.355
864,37.055,9.3481
865,37.058,9.359
866,37.083,9.3498
867,37.051,9.354
868,37.048,9.3571
869,37.045,9.3612
870,37.045,9.3639
871,37.101,9.3471
872,37.092,9.3599
873,37.104,9.3534
874,37.123,9.3468
875,37.12,9.347
876,37.139,9.3415
877,37.164,9.3388
878,37.195,9.3319
879,37.192,9.3352
880,37.176,9.3428
881,37.164,9.3489
882,37.139,9.3549
883,37.142,9.3428
884,37.139,9.3552
885,37.164,9.3524
886,37.151,9.3456
887,37.164,9.3418
888,37.17,9.3369
889,37.179,9.3451
890,37.198,9.3332
891,37.223,9.3303
892,37.226,9.3366
893,37.217,9.3405
894,37.213,9.3412
895,37.204,9.3381
896,37.195,9.3432
897,37.192,9.3456
898,37.204,9.3419
899,37.201,9.3418
900,37.223,9.3291
901,37.213,9.3408
902,37.248,9.3304
903,37.235,9.3231
904,37.254,9.3291
905,37.248,9.335
906,37.251,9.3422
907,37.241,9.3296
908,37.241,9.3379
909,37.229,9.3448
910,37.245,9.3377
911,37.254,9.3306
912,37.269,9.3263
913,37.282,9.3261
914,37.291,9.3232
915,37.288,9.3208
916,37.304,9.324
917,37.31,9.3177
918,37.344,9.3203
919,37.35,9.3178
920,37.338,9.3261
921,37.332,9.3328
922,37.319,9.3245
923,37.326,9.3262
924,37.31,9.3183
925,37.344,9.3167
926,37.354,9.317
927,37.363,9.3098
928,37.338,9.3206
929,37.332,9.3234
930,37.332,9.3291
931,37.316,9.3267
932,37.326,9.3284
933,37.347,9.3321
934,37.313,9.3256
935,37.335,9.3193
936,37.366,9.3079
937,37.379,9.3122
938,37.41,9.3074
939,37.435,9.3011
940,37.45,9.3048
941,37.419,9.3104
942,37.435,9.3123
943,37.413,9.3153
944,37.413,9.3111
945,37.419,9.3136
946,37.428,9.3092
947,37.444,9.309
948,37.425,9.3033
949,37.425,9.3066
950,37.463,9.2999
951,37.431,9.2986
952,37.463,9.304
953,37.463,9.3056
954,37.472,9.3086
955,37.444,9.304
956,37.444,9.3071
957,37.435,9.3164
958,37.428,9.3106
959,37.469,9.3031
960,37.481,9.298
961,37.488,9.2961
962,37.481,9.2955
963,37.478,9.2941
964,37.5,9.3001
965,37.503,9.2929
966,37.5,9.3049
967,37.519,9.3016
968,37.503,9.3004
969,37.519,9.296
970,37.522,9.2921
971,37.531,9.2953
972,37.531,9.2905
973,37.547,9.2947
974,37.544,9.2878
975,37.544,9.2882
976,37.516,9.2929
977,37.534,9.2965
978,37.55,9.2925
979,37.562,9.2849
980,37.556,9.2953
981,37.578,9.296
982,37.581,9.2851
983,37.593,9.2802
984,37.609,9.272
985,37.603,9.2812
986,37.621,9.2699
987,37.621,9.2732
988,37.609,9.2859
989,37.6,9.2856
990,37.606,9.2876
991,37.609,9.2806
992,37.606,9.2871
993,37.603,9.2883
994,37.634,9.2795
995,37.615,9.2772
996,37.631,9.2731
997,37.618,9.2785
998,37.628,9.2723
999,37.631,9.2735
1000,37.637,9.2793
1001,37.659,9.2768
1002,37.659,9.284
1003,37.64,9.2728
1004,37.646,9.2785
1005,37.65,9.2808
1006,37.684,9.2698
1007,37.69,9.2674
1008,37.709,9.2579
1009,37.715,9.2631
1010,37.734,9.2587
1011,37.749,9.2537
1012,37.74,9.2581
1013,37.737,9.2629
1014,37.743,9.2722
1015,37.724,9.2583
1016,37.718,9.2627
1017,37.718,9.2665
1018,37.731,9.2611
1019,37.734,9.2606
1020,37.74,9.2571
1021,37.734,9.2615
1022,37.746,9.2566
1023,37.762,9.2478
1024,37.734,9.2609
1025,37.749,9.2573
1026,37.759,9.2611
1027,37.762,9.2551
1028,37.749,9.2569
1029,37.771,9.263
1030,37.771,9.2604
1031,37.783,9.2571
1032,37.783,9.2469
1033,37.793,9.2502
1034,37.796,9.2504
1035,37.808,9.2378
1036,37.815,9.2459
1037,37.827,9.2472
1038,37.824,9.2436
1039,37.827,9.2447
1040,37.843,9.2474
1041,37.833,9.2529
1042,37.821,9.2482
1043,37.84,9.2481
1044,37.83,9.2402
1045,37.821,9.2428
1046,37.855,9.2406
1047,37.84,9.2368
1048,37.868,9.2384
1049,37.861,9.2412
1050,37.874,9.2405
1051,37.889,9.2302
1052,37.892,9.2244
1053,37.902,9.2363
1054,37.911,9.2319
1055,37.902,9.2337
1056,37.886,9.2301
1057,37.871,9.2351
1058,37.914,9.2298
1059,37.911,9.2225
1060,37.93,9.2291
1061,37.917,9.2334
1062,37.924,9.2303
1063,37.908,9.2301
1064,37.908,9.2333
1065,37.927,9.2327
1066,37.921,9.2299
1067,37.924,9.2283
1068,37.917,9.2297
1069,37.927,9.2266
1070,37.927,9.2233
1071,37.955,9.2148
1072,37.983,9.2201
1073,37.97,9.2208
1074,37.989,9.2141
1075,38.005,9.2124
1076,37.98,9.2145
1077,38.001,9.2174
1078,37.995,9.2191
1079,38.02,9.2166
1080,37.977,9.2084
1081,37.998,9.2119
1082,37.995,9.2156
1083,37.986,9.2094
1084,37.998,9.2135
1085,38.03,9.207
1086,38.017,9.2098
1087,38.03,9.2037
1088,38.039,9.2088
1089,38.026,9.2164
1090,38.02,9.2048
1091,38.023,9.2103
1092,38.036,9.2083
1093,38.02,9.2105
1094,38.067,9.1916
1095,38.07,9.1953
1096,38.061,9.2015
1097,38.058,9.1979
1098,38.104,9.1952
1099,38.098,9.1906
1100,38.114,9.1935
1101,38.104,9.2035
1102,38.123,9.2
1103,38.092,9.1909
1104,38.104,9.1857
1105,38.107,9.1951
1106,38.111,9.1908
1107,38.117,9.1829
1108,38.111,9.1967
1109,38.098,9.2003
1110,38.101,9.1941
1111,38.111,9.1817
1112,38.123,9.1951
1113,38.132,9.1954
1114,38.132,9.1907
1115,38.129,9.1909
1116,38.12,9.1807
1117,38.135,9.1825
1118,38.139,9.1829
1119,38.182,9.1708
1120,38.167,9.1817
1121,38.185,9.1799
1122,38.173,9.1878
1123,38.182,9.1709
1124,38.192,9.1753
1125,38.179,9.1843
1126,38.201,9.1737
1127,38.223,9.1685
1128,38.204,9.1626
1129,38.21,9.174
1130,38.223,9.1717
1131,38.229,9.1669
1132,38.213,9.1674
1133,38.229,9.1688
1134,38.241,9.1733
1135,38.22,9.1685
1136,38.251,9.1611
1137,38.238,9.1711
1138,38.235,9.1653
1139,38.248,9.1631
1140,38.276,9.1557
1141,38.276,9.1585
1142,38.282,9.1548
1143,38.285,9.1524
1144,38.285,9.1537
1145,38.251,9.1549
1146,38.291,9.1561
1147,38.282,9.1586
1148,38.285,9.1601
1149,38.276,9.1649
1150,38.282,9.1594
1151,38.263,9.1606
1152,38.291,9.1461
1153,38.325,9.1429
1154,38.313,9.1492
1155,38.316,9.1433
1156,38.319,9.1477
1157,38.307,9.1479
1158,38.31,9.1474
1159,38.329,9.1455
1160,38.338,9.1533
1161,38.347,9.1534
1162,38.335,9.1484
1163,38.341,9.1395
1164,38.332,9.1365
1165,38.347,9.1342
1166,38.394,9.1275
1167,38.41,9.1252
1168,38.406,9.1292
1169,38.413,9.1295
1170,38.41,9.1267
1171,38.397,9.1301
1172,38.397,9.1334
1173,38.419,9.1375
1174,38.394,9.1338
1175,38.403,9.1244
1176,38.4,9.1283
1177,38.394,9.1284
1178,38.403,9.1252
1179,38.416,9.12
1180,38.419,9.1291
1181,38.416,9.1264
1182,38.447,9.1251
1183,38.441,9.1251
1184,38.406,9.1256
1185,38.428,9.1264
1186,38.444,9.1218
1187,38.441,9.1138
1188,38.462,9.1051
1189,38.484,9.1159
1190,38.469,9.1153
1191,38.469,9.1079
1192,38.472,9.1081
1193,38.478,9.1201
1194,38.484,9.1092
1195,38.522,9.1
1196,38.503,9.1098
1197,38.497,9.1086
1198,38.494,9.1033
1199,38.506,9.1079
1200,38.512,9.1065
1201,38.494,9.1097
1202,38.531,9.1052
1203,38.512,9.1011
1204,38.509,9.0943
1205,38.5,9.1002
1206,38.525,9.1042
1207,38.522,9.0999
1208,38.547,9.0964
1209,38.559,9.1011
1210,38.547,9.0935
1211,38.565,9.0835
1212,38.578,9.0833
1213,38.572,9.0916
1214,38.578,9.0858
1215,38.587,9.0754
1216,38.565,9.0921
1217,38.578,9.0861
1218,38.593,9.0887
1219,38.587,9.0861
1220,38.596,9.0872
1221,38.596,9.0904
1222,38.596,9.0874
1223,38.593,9.0819
1224,38.596,9.0708
1225,38.615,9.0777
1226,38.593,9.0786
1227,38.621,9.0728
1228,38.621,9.0744
1229,38.634,9.0721
1230,38.637,9.0764
1231,38.668,9.0647
1232,38.653,9.0692
1233,38.643,9.0689
1234,38.662,9.065
1235,38.668,9.0681
1236,38.643,9.0632
1237,38.674,9.0672
1238,38.671,9.0667
1239,38.662,9.0598
1240,38.684,9.0563
1241,38.687,9.0664
1242,38.687,9.0656
1243,38.662,9.0633
1244,38.693,9.0616
1245,38.671,9.0694
1246,38.687,9.0489
1247,38.712,9.0566
1248,38.709,9.0492
1249,38.705,9.0553
1250,38.702,9.0547
1251,38.727,9.0484
1252,38.721,9.0529
1253,38.718,9.0411
1254,38.768,9.0478
1255,38.743,9.0451
1256,38.762,9.0379
1257,38.755,9.0415
1258,38.755,9.0465
1259,38.758,9.0393
1260,38.78,9.0289
1261,38.805,9.0358
1262,38.774,9.0317
1263,38.765,9.0322
1264,38.762,9.046
1265,38.752,9.0422
1266,38.765,9.0442
1267,38.783,9.0337
1268,38.774,9.0394
1269,38.777,9.0336
1270,38.777,9.0293
1271,38.811,9.0255
1272,38.796,9.0262
1273,38.814,9.0234
1274,38.824,9.0253
1275,38.818,9.0217
1276,38.824,9.0216
1277,38.821,9.0232
1278,38.833,9.0229
1279,38.833,9.0198
1280,38.846,9.019
1281,38.858,9.0239
1282,38.849,9.0125
1283,38.871,9.0118
1284,38.855,9.0084
1285,38.864,9.0085
1286,38.874,9.0026
1287,38.886,9.002
1288,38.895,9.0015
1289,38.88,9.0129
1290,38.88,9.0166
1291,38.855,9.0115
1292,38.867,9.0125
1293,38.889,9.011
1294,38.892,9.002
1295,38.905,8.9974
1296,38.917,8.9899
1297,38.886,9.0027
1298,38.93,8.984
1299,38.93,8.9856
1300,38.927,8.9945
1301,38.936,8.9967
1302,38.939,8.9941
1303,38.948,8.9884
1304,38.923,8.9959
1305,38.942,8.9852
1306,38.939,8.9939
1307,38.948,8.9884
1308,38.958,8.9842
1309,38.948,8.9849
1310,38.961,8.9855
1311,38.952,8.9807
1312,38.97,8.984
1313,38.973,8.9861
1314,38.97,8.9845
1315,38.98,8.976
1316,38.986,8.9808
1317,38.967,8.9841
1318,38.98,8.9787
1319,39.001,8.9711
1320,39.011,8.9659
1321,39.02,8.9676
1322,39.039,8.9572
1323,39.026,8.9617
1324,39.023,8.9654
1325,39.023,8.965
1326,39.023,8.9689
1327,39.039,8.9591
1328,39.048,8.9601
1329,39.07,8.9598
1330,39.061,8.9577
1331,39.051,8.9564
1332,39.057,8.9461
1333,39.048,8.9571
1334,39.057,8.9519
1335,39.064,8.9526
1336,39.051,8.9572
1337,39.048,8.9584
1338,39.061,8.9574
1339,39.07,8.9486
1340,39.07,8.948
1341,39.101,8.9501
1342,39.104,8.9451
1343,39.107,8.9377
1344,39.101,8.9281
1345,39.104,8.9338
1346,39.117,8.9346
1347,39.129,8.9298
1348,39.142,8.943
1349,39.126,8.9425
1350,39.138,8.9399
1351,39.117,8.9354
1352,39.132,8.9353
1353,39.132,8.9318
1354,39.142,8.9265
1355,39.157,8.9281
1356,39.138,8.9206
1357,39.142,8.9251
1358,39.151,8.9238
1359,39.145,8.9253
1360,39.157,8.9285
1361,39.148,8.922
1362,39.182,8.9247
1363,39.17,8.9128
1364,39.176,8.9136
1365,39.176,8.9195
1366,39.188,8.9088
1367,39.201,8.905
1368,39.216,8.8984
1369,39.219,8.9072
1370,39.223,8.9073
1371,39.216,8.9004
1372,39.216,8.9112
1373,39.194,8.9092
1374,39.223,8.9051
1375,39.229,8.8987
1376,39.235,8.8981
1377,39.257,8.8989
1378,39.216,8.8984
1379,39.244,8.9014
1380,39.226,8.8965
1381,39.266,8.8877
1382,39.254,8.895
1383,39.263,8.894
1384,39.244,8.8978
1385,39.235,8.8924
1386,39.263,8.8861
1387,39.266,8.8784
1388,39.291,8.8838
1389,39.313,8.8869
1390,39.294,8.877
1391,39.3,8.8762
1392,39.291,8.8663
1393,39.294,8.8787
1394,39.307,8.874
1395,39.307,8.8712
1396,39.31,8.8806
1397,39.294,8.878
1398,39.294,8.8756
1399,39.3,8.8715
1400,39.31,8.8795
1401,39.307,8.8765
1402,39.338,8.8711
1403,39.332,8.8658
1404,39.328,8.8531
1405,39.316,8.8601
1406,39.366,8.8577
1407,39.344,8.8601
1408,39.353,8.8603
1409,39.353,8.8626
1410,39.372,8.8598
1411,39.372,8.8494
1412,39.366,8.8552
1413,39.372,8.8545
1414,39.378,8.8462
1415,39.397,8.8374
1416,39.397,8.8357
1417,39.406,8.8415
1418,39.416,8.8355
1419,39.425,8.8319
1420,39.419,8.8403
1421,39.406,8.8439
1422,39.409,8.847
1423,39.437,8.8315
1424,39.413,8.8448
1425,39.409,8.845
1426,39.397,8.839
1427,39.413,8.835
1428,39.428,8.8194
1429,39.434,8.8313
1430,39.447,8.8272
1431,39.453,8.8241
1432,39.434,8.8247
1433,39.453,8.8189
1434,39.447,8.8235
1435,39.472,8.8192
1436,39.456,8.8253
1437,39.465,8.826
1438,39.459,8.8258
1439,39.456,8.8202
1440,39.494,8.8005
1441,39.487,8.8129
1442,39.494,8.8086
1443,39.49,8.8067
1444,39.49,8.8064
1445,39.478,8.8092
1446,39.487,8.81
1447,39.512,8.8007
1448,39.525,8.8046
1449,39.509,8.8082
1450,39.522,8.8006
1451,39.518,8.7987
1452,39.518,8.7957
1453,39.522,8.7975
1454,39.553,8.7866
1455,39.534,8.7849
1456,39.537,8.7891
1457,39.556,8.7748
1458,39.562,8.7904
1459,39.556,8.7857
1460,39.568,8.7892
1461,39.581,8.7896
1462,39.559,8.7807
1463,39.562,8.7824
1464,39.581,8.7723
1465,39.568,8.7803
1466,39.565,8.7785
1467,39.578,8.7779
1468,39.571,8.7861
1469,39.559,8.7819
1470,39.578,8.7835
1471,39.587,8.7763
1472,39.584,8.7757
1473,39.615,8.7701
1474,39.612,8.7585
1475,39.624,8.7537
1476,39.621,8.7505
1477,39.631,8.7646
1478,39.637,8.7601
1479,39.624,8.7518
1480,39.637,8.7547
1481,39.643,8.7523
1482,39.665,8.7516
1483,39.671,8.7493
1484,39.643,8.7561
1485,39.643,8.7569
1486,39.637,8.7444
1487,39.68,8.7425
1488,39.674,8.7359
1489,39.677,8.7392
1490,39.693,8.744
1491,39.668,8.7377
1492,39.662,8.7412
1493,39.665,8.7371
1494,39.674,8.7472
1495,39.68,8.7399
1496,39.696,8.7325
1497,39.693,8.7433
1498,39.677,8.7303
1499,39.712,8.7198
1500,39.727,8.7202
1501,39.724,8.7232
1502,39.743,8.7175
1503,39.727,8.7175
1504,39.73,8.7235
1505,39.696,8.7191
1506,39.749,8.7168
1507,39.743,8.7193
1508,39.736,8.7195
1509,39.758,8.715
1510,39.758,8.7114
1511,39.74,8.7121
1512,39.752,8.6972
1513,39.749,8.708
1514,39.774,8.705
1515,39.761,8.6931
1516,39.793,8.6921
1517,39.771,8.7029
1518,39.771,8.7102
1519,39.786,8.6997
1520,39.771,8.705
1521,39.783,8.7009
1522,39.796,8.6859
1523,39.814,8.686
1524,39.805,8.682
1525,39.799,8.6853
1526,39.802,8.6855
1527,39.824,8.6802
1528,39.817,8.688
1529,39.842,8.6793
1530,39.83,8.6855
1531,39.836,8.6822
1532,39.821,8.6865
1533,39.827,8.679
1534,39.805,8.6785
1535,39.833,8.6741
1536,39.855,8.6695
1537,39.855,8.6712
1538,39.858,8.6614
1539,39.861,8.6569
1540,39.855,8.6586
1541,39.874,8.6575
1542,39.886,8.6646
1543,39.877,8.6638
1544,39.861,8.6618
1545,39.867,8.6667
1546,39.88,8.6553
1547,39.861,8.6535
1548,39.923,8.6349
1549,39.908,8.6558
1550,39.905,8.6425
1551,39.92,8.6358
1552,39.911,8.6406
1553,39.892,8.6407
1554,39.914,8.6457
1555,39.923,8.6425
1556,39.917,8.6506
1557,39.892,8.6463
1558,39.948,8.6397
1559,39.905,8.651
1560,39.908,8.6381
1561,39.923,8.6354
1562,39.948,8.6279
1563,39.948,8.6225
1564,39.942,8.6234
1565,39.976,8.618
1566,39.955,8.627
1567,39.942,8.6163
1568,39.97,8.6253
1569,39.979,8.6231
1570,39.958,8.6191
1571,39.986,8.6129
1572,39.989,8.6106
1573,39.979,8.6133
1574,39.976,8.6039
1575,40.014,8.5986
1576,39.989,8.6119
1577,40.007,8.6055
1578,40.007,8.6105
1579,40.017,8.6036
1580,39.989,8.6006
1581,40.001,8.6021
1582,40.014,8.5953
1583,40.023,8.5976
1584,40.02,8.5867
1585,40.023,8.5958
1586,40.014,8.5891
1587,40.023,8.5821
1588,40.029,8.5914
1589,40.036,8.5905
1590,40.054,8.589
1591,40.064,8.5864
1592,40.057,8.5827
1593,40.039,8.5823
1594,40.06,8.5738
1595,40.06,8.5773
1596,40.064,8.5712
1597,40.076,8.5747
1598,40.085,8.5733
1599,40.064,8.5666
1600,40.098,8.5683
1601,40.06,8.5784
1602,40.073,8.5813
1603,40.079,8.5718
1604,40.082,8.5694
1605,40.092,8.5669
1606,40.079,8.5528
1607,40.104,8.5488
1608,40.104,8.5504
1609,40.11,8.5485
1610,40.135,8.5504
1611,40.12,8.5483
1612,40.116,8.5545
1613,40.129,8.5434
1614,40.132,8.5422
1615,40.132,8.5383
1616,40.141,8.5349
1617,40.163,8.5421
1618,40.145,8.5429
1619,40.148,8.5381
1620,40.16,8.5272
1621,40.151,8.5299
1622,40.163,8.531
1623,40.173,8.5173
1624,40.173,8.5283
1625,40.157,8.5304
1626,40.166,8.5295
1627,40.173,8.5281
1628,40.16,8.5318
1629,40.188,8.5286
1630,40.204,8.5174
1631,40.207,8.5184
1632,40.176,8.5141
1633,40.188,8.5115
1634,40.213,8.5041
1635,40.201,8.5033
1636,40.222,8.5072
1637,40.219,8.5112
1638,40.213,8.513
1639,40.226,8.5042
1640,40.219,8.503
1641,40.226,8.5021
1642,40.238,8.4923
1643,40.235,8.4954
1644,40.247,8.4917
1645,40.229,8.4926
1646,40.238,8.4927
1647,40.244,8.4898
1648,40.241,8.4864
1649,40.257,8.4825
1650,40.269,8.4849
1651,40.263,8.4739
1652,40.272,8.475
1653,40.266,8.4873
1654,40.26,8.4776
1655,40.269,8.4737
1656,40.3,8.4641
1657,40.285,8.4718
1658,40.297,8.4632
1659,40.319,8.4603
1660,40.285,8.4723
1661,40.288,8.4699
1662,40.313,8.4654
1663,40.319,8.4574
1664,40.307,8.4646
1665,40.303,8.4643
1666,40.313,8.4615
1667,40.313,8.4595
1668,40.322,8.4422
1669,40.325,8.4525
1670,40.335,8.454
1671,40.328,8.4446
1672,40.328,8.4519
1673,40.344,8.4436
1674,40.328,8.445
1675,40.347,8.4313
1676,40.384,8.4355
1677,40.35,8.4414
1678,40.35,8.4345
1679,40.359,8.4396
1680,40.35,8.4293
1681,40.378,8.4192
1682,40.372,8.419
1683,40.406,8.4189
1684,40.369,8.4297
1685,40.394,8.4184
1686,40.378,8.4285
1687,40.381,8.4177
1688,40.403,8.4131
1689,40.409,8.4163
1690,40.419,8.4124
1691,40.4,8.4155
1692,40.391,8.4076
1693,40.394,8.4188
1694,40.4,8.4113
1695,40.419,8.4059
1696,40.416,8.406
1697,40.416,8.4036
1698,40.44,8.395
1699,40.44,8.389
1700,40.444,8.3923
1701,40.434,8.3982
1702,40.437,8.3929
1703,40.437,8.3916
1704,40.468,8.3846
1705,40.44,8.3875
1706,40.453,8.3819
1707,40.468,8.371
1708,40.475,8.3806
1709,40.462,8.3786
1710,40.493,8.3743
1711,40.487,8.3754
1712,40.475,8.3751
1713,40.468,8.3772
1714,40.484,8.3653
1715,40.487,8.3606
1716,40.481,8.3637
1717,40.509,8.3642
1718,40.512,8.3697
1719,40.481,8.3644
1720,40.484,8.3675
1721,40.503,8.3548
1722,40.503,8.3592
1723,40.518,8.35
1724,40.531,8.3488
1725,40.54,8.3542
1726,40.506,8.3496
1727,40.531,8.3403
1728,40.54,8.3406
1729,40.531,8.3467
1730,40.553,8.3428
1731,40.568,8.3384
1732,40.546,8.336
1733,40.525,8.3357
1734,40.54,8.337
1735,40.565,8.3327
1736,40.54,8.334
1737,40.565,8.3393
1738,40.568,8.3331
1739,40.559,8.3219
1740,40.571,8.311
1741,40.577,8.3105
1742,40.593,8.3114
1743,40.584,8.3101
1744,40.609,8.3066
1745,40.587,8.3129
1746,40.599,8.3051
1747,40.587,8.3131
1748,40.596,8.314
1749,40.612,8.3139
1750,40.606,8.3047
1751,40.612,8.3041
1752,40.621,8.2997
1753,40.609,8.2977
1754,40.618,8.2961
1755,40.615,8.2862
1756,40.63,8.2898
1757,40.64,8.2862
1758,40.64,8.2947
1759,40.643,8.2859
1760,40.637,8.2929
1761,40.634,8.2917
1762,40.627,8.2885
1763,40.64,8.2799
1764,40.662,8.2704
1765,40.658,8.2698
1766,40.677,8.2668
1767,40.668,8.2613
1768,40.658,8.2651
1769,40.683,8.2612
1770,40.696,8.2652
1771,40.705,8.2645
1772,40.699,8.2634
1773,40.68,8.2618
1774,40.671,8.2546
1775,40.687,8.2517
1776,40.687,8.2526
1777,40.711,8.2568
1778,40.705,8.254
1779,40.708,8.2448
1780,40.711,8.2467
1781,40.699,8.2437
1782,40.724,8.236
1783,40.724,8.2285
1784,40.727,8.2388
1785,40.711,8.2495
1786,40.718,8.2391
1787,40.711,8.2422
1788,40.718,8.228
1789,40.746,8.2304
1790,40.743,8.2282
1791,40.761,8.216
1792,40.746,8.2196
1793,40.755,8.2116
1794,40.758,8.2219
1795,40.746,8.2221
1796,40.755,8.22
1797,40.758,8.2184
1798,40.786,8.2113
1799,40.777,8.2127
1800,40.786,8.1989
1801,40.774,8.2089
1802,40.774,8.2059
1803,40.792,8.1902
1804,40.789,8.1948
1805,40.789,8.1952
1806,40.808,8.1926
1807,40.799,8.1895
1808,40.82,8.1937
1809,40.786,8.1999
1810,40.786,8.1916
1811,40.83,8.1842
1812,40.814,8.187
1813,40.802,8.187
1814,40.817,8.1809
1815,40.817,8.1693
1816,40.827,8.174
1817,40.827,8.169
1818,40.867,8.1759
1819,40.842,8.1725
1820,40.852,8.1676
1821,40.839,8.1752
1822,40.836,8.1639
1823,40.833,8.1655
1824,40.855,8.1572
1825,40.877,8.1598
1826,40.864,8.1577
1827,40.858,8.1514
1828,40.861,8.1553
1829,40.88,8.1479
1830,40.873,8.1491
1831,40.883,8.1398
1832,40.892,8.1429
1833,40.886,8.1403
1834,40.87,8.1366
1835,40.889,8.1373
1836,40.895,8.1325
1837,40.895,8.1363
1838,40.901,8.1406
1839,40.917,8.1307
1840,40.901,8.1223
1841,40.901,8.1253
1842,40.939,8.1234
1843,40.936,8.1232
1844,40.92,8.1222
1845,40.936,8.1263
1846,40.923,8.1222
1847,40.936,8.1118
1848,40.926,8.1061
1849,40.942,8.1121
1850,40.954,8.1061
1851,40.936,8.1094
1852,40.939,8.1108
1853,40.945,8.1116
1854,40.942,8.1049
1855,40.945,8.0969
1856,40.976,8.0911
1857,40.961,8.0892
1858,40.973,8.0862
1859,40.97,8.0895
1860,40.992,8.0865
1861,40.954,8.0914
1862,40.982,8.0805
1863,40.986,8.0763
1864,40.986,8.0786
1865,40.998,8.0725
1866,41.007,8.0785
1867,41.001,8.0769
1868,40.976,8.0768
1869,41.001,8.0691
1870,41.014,8.0696
1871,41.01,8.0603
1872,41.029,8.059
1873,41.017,8.0601
1874,41.007,8.0592
1875,41.007,8.0511
1876,41.032,8.0498
1877,41.026,8.0588
1878,41.023,8.0607
1879,41.057,8.0502
1880,41.017,8.0515
1881,41.032,8.0501
1882,41.032,8.0418
1883,41.07,8.04
1884,41.057,8.0356
1885,41.063,8.035
1886,41.057,8.0341
1887,41.057,8.0306
1888,41.051,8.034
1889,41.07,8.0302
1890,41.076,8.0332
1891,41.07,8.0267
1892,41.079,8.0243
1893,41.067,8.0319
1894,41.06,8.0191
1895,41.063,8.0172
1896,41.088,8.0105
1897,41.104,8.0164
1898,41.104,8.0019
1899,41.101,8.0003
1900,41.101,8.003
1901,41.098,7.9964
1902,41.119,8.0013
1903,41.101,8.0018
1904,41.119,7.9993
1905,41.126,7.9943
1906,41.119,7.9974
1907,41.11,7.9911
1908,41.135,7.9827
1909,41.132,7.9864
1910,41.141,7.9871
1911,41.141,7.982
1912,41.163,7.9809
1913,41.119,7.9774
1914,41.148,7.9789
1915,41.154,7.976
1916,41.148,7.9768
1917,41.151,7.974
1918,41.166,7.965
1919,41.172,7.972
1920,41.148,7.9658
1921,41.169,7.9583
1922,41.154,7.9614
1923,41.172,7.9505
1924,41.185,7.9569
1925,41.188,7.9532
1926,41.194,7.9566
1927,41.172,7.9474
1928,41.188,7.9481
1929,41.194,7.9511
1930,41.185,7.9411
1931,41.219,7.9392
1932,41.21,7.9326
1933,41.213,7.9332
1934,41.204,7.9294
1935,41.204,7.9307
1936,41.2,7.9368
1937,41.225,7.9315
1938,41.247,7.9291
1939,41.235,7.9248
1940,41.232,7.92
1941,41.235,7.92
1942,41.21,7.9173
1943,41.232,7.9169
1944,41.247,7.9058
1945,41.241,7.9111
1946,41.26,7.9086
1947,41.247,7.9035
1948,41.26,7.9047
1949,41.244,7.9019
1950,41.275,7.9025
1951,41.281,7.8971
1952,41.275,7.8965
1953,41.266,7.8974
1954,41.285,7.8929
1955,41.266,7.8881
1956,41.266,7.8882
1957,41.294,7.8888
1958,41.288,7.8874
1959,41.288,7.8807
1960,41.303,7.8791
1961,41.288,7.88
1962,41.272,7.8792
1963,41.3,7.8681
1964,41.306,7.8712
1965,41.306,7.8702
1966,41.309,7.8609
1967,41.325,7.8593
1968,41.313,7.8571
1969,41.303,7.8632
1970,41.334,7.8564
1971,41.322,7.8576
1972,41.313,7.8534
1973,41.338,7.8472
1974,41.341,7.8514
1975,41.338,7.8396
1976,41.334,7.8414
1977,41.366,7.8416
1978,41.359,7.8468
1979,41.356,7.8382
1980,41.384,7.8296
1981,41.359,7.8372
1982,41.344,7.8322
1983,41.353,7.8296
1984,41.359,7.832
1985,41.369,7.8234
1986,41.362,7.8242
1987,41.387,7.8234
1988,41.378,7.8238
1989,41.366,7.8149
1990,41.384,7.8097
1991,41.397,7.8069
1992,41.397,7.7943
1993,41.4,7.8005
1994,41.403,7.8025
1995,41.4,7.8057
1996,41.394,7.8023
1997,41.412,7.8019
1998,41.422,7.8019
1999,41.428,7.7881
2000,41.422,7.7949
2001,41.419,7.7951
2002,41.419,7.7845
2003,41.4,7.7853
2004,41.428,7.7839
2005,41.431,7.7813
2006,41.456,7.7773
2007,41.431,7.7785
2008,41.437,7.7763
2009,41.443,7.7693
2010,41.453,7.7697
2011,41.44,7.7643
2012,41.462,7.7657
2013,41.45,7.7695
2014,41.456,7.7592
2015,41.459,7.7601
2016,41.465,7.7524
2017,41.459,7.753
2018,41.484,7.7474
2019,41.503,7.741
2020,41.484,7.7472
2021,41.475,7.7406
2022,41.503,7.7428
2023,41.484,7.7366
2024,41.493,7.736
2025,41.5,7.7407
2026,41.484,7.7407
2027,41.512,7.7356
2028,41.496,7.7252
2029,41.503,7.7314
2030,41.503,7.726
2031,41.509,7.7114
2032,41.518,7.7167
2033,41.518,7.7131
2034,41.521,7.7126
2035,41.537,7.7093
2036,41.521,7.714
2037,41.528,7.7174
2038,41.524,7.7044
2039,41.556,7.7068
2040,41.531,7.7054
2041,41.537,7.7038
2042,41.559,7.6983
2043,41.54,7.6901
2044,41.549,7.6901
2045,41.559,7.6865
2046,41.571,7.6885
2047,41.556,7.6873
2048,41.571,7.6841
2049,41.565,7.6959
2050,41.549,7.6815
2051,41.571,7.6767
2052,41.587,7.6698
2053,41.574,7.6754
2054,41.584,7.6733
2055,41.562,7.667
2056,41.587,7.662
2057,41.58,7.6541
2058,41.615,7.6563
2059,41.605,7.6564
2060,41.596,7.6559
2061,41.599,7.6577
2062,41.599,7.6529
2063,41.599,7.6493
2064,41.621,7.6393
2065,41.609,7.6469
2066,41.624,7.6418
2067,41.621,7.6335
2068,41.624,7.6423
2069,41.621,7.6371
2070,41.627,7.636
2071,41.649,7.6328
2072,41.63,7.6384
2073,41.643,7.63
2074,41.624,7.6228
2075,41.64,7.6222
2076,41.627,7.6186
2077,41.652,7.6207
2078,41.655,7.619
2079,41.665,7.6125
2080,41.637,7.6114
2081,41.674,7.6052
2082,41.649,7.6145
2083,41.668,7.5991
2084,41.671,7.5967
2085,41.686,7.6012
2086,41.674,7.5967
2087,41.68,7.5968
2088,41.686,7.5899
2089,41.683,7.5934
2090,41.699,7.579
2091,41.705,7.5813
2092,41.699,7.5823
2093,41.699,7.5774
2094,41.705,7.5855
2095,41.708,7.582
2096,41.696,7.5787
2097,41.69,7.5765
2098,41.721,7.5703
2099,41.714,7.5687
2100,41.749,7.5517
2101,41.708,7.5636
2102,41.714,7.5603
2103,41.711,7.5513
2104,41.718,7.5553
2105,41.73,7.5564
2106,41.755,7.5574
2107,41.739,7.5478
2108,41.739,7.553
2109,41.739,7.549
2110,41.752,7.5314
2111,41.749,7.5299
2112,41.77,7.5282
2113,41.78,7.5357
2114,41.752,7.5349
2115,41.758,7.5267
2116,41.752,7.5304
2117,41.78,7.5248
2118,41.774,7.5291
2119,41.786,7.5208
2120,41.78,7.5239
2121,41.761,7.5203
2122,41.764,7.5108
2123,41.783,7.5065
2124,41.783,7.4995
2125,41.792,7.5048
2126,41.814,7.5005
2127,41.82,7.4944
2128,41.783,7.4982
2129,41.802,7.4973
2130,41.799,7.5055
2131,41.814,7.4972
2132,41.817,7.4911
2133,41.817,7.4954
2134,41.817,7.4847
2135,41.82,7.4776
2136,41.836,7.4733
2137,41.833,7.4828
2138,41.827,7.4788
2139,41.839,7.469
2140,41.851,7.4724
2141,41.817,7.4761
2142,41.833,7.4714
2143,41.83,7.4681
2144,41.827,7.4649
2145,41.842,7.4658
2146,41.858,7.4542
2147,41.864,7.4569
2148,41.855,7.4468
2149,41.864,7.4434
2150,41.87,7.4425
2151,41.861,7.4312
2152,41.883,7.4327
2153,41.895,7.4336
2154,41.898,7.4377
2155,41.883,7.4363
2156,41.873,7.4361
2157,41.886,7.4378
2158,41.883,7.4289
2159,41.901,7.4294
2160,41.92,7.4259
2161,41.889,7.4259
2162,41.898,7.4187
2163,41.883,7.4105
2164,41.898,7.4133
2165,41.908,7.4105
2166,41.929,7.4105
2167,41.936,7.4094
2168,41.914,7.4051
2169,41.911,7.4064
2170,41.904,7.4042
2171,41.92,7.3975
2172,41.932,7.3971
2173,41.936,7.3933
2174,41.951,7.3922
2175,41.932,7.3787
2176,41.948,7.3811
2177,41.948,7.3768
2178,41.964,7.3795
2179,41.97,7.3761
2180,41.954,7.3742
2181,41.967,7.3765
2182,41.951,7.366
2183,41.954,7.3643
2184,41.951,7.3646
2185,41.961,7.3669
2186,41.967,7.3625
2187,41.982,7.3525
2188,41.973,7.3549
2189,41.985,7.3533
2190,41.97,7.3549
2191,41.992,7.3435
2192,41.976,7.3448
2193,41.989,7.3466
2194,41.998,7.3339
2195,42.001,7.3384
2196,42.01,7.3351
2197,41.989,7.3386
2198,42.004,7.3333
2199,42.013,7.3253
2200,42.01,7.3247
2201,42.029,7.3254
2202,42.023,7.3295
2203,42.004,7.3247
2204,42.023,7.32
2205,42.01,7.32
2206,42.023,7.3149
2207,42.035,7.3129
2208,42.054,7.3029
2209,42.023,7.3044
2210,42.029,7.3009
2211,42.032,7.2905
2212,42.038,7.2988
2213,42.054,7.2937
2214,42.057,7.2977
2215,42.051,7.2878
2216,42.054,7.288
2217,42.035,7.2888
2218,42.076,7.2756
2219,42.066,7.2771
2220,42.079,7.2721
2221,42.076,7.2749
2222,42.066,7.2708
2223,42.082,7.2612
2224,42.066,7.2707
2225,42.107,7.2553
2226,42.091,7.2691
2227,42.098,7.263
2228,42.094,7.2657
2229,42.079,7.2663
2230,42.098,7.2591
2231,42.094,7.2563
2232,42.098,7.2407
2233,42.107,7.2461
2234,42.098,7.239
2235,42.122,7.233
2236,42.107,7.235
2237,42.107,7.2379
2238,42.119,7.2374
2239,42.119,7.2324
2240,42.116,7.2296
2241,42.126,7.2325
2242,42.119,7.2195
2243,42.122,7.2239
2244,42.138,7.2121
2245,42.138,7.212
2246,42.141,7.2086
2247,42.157,7.2025
2248,42.16,7.2124
2249,42.144,7.2068
2250,42.163,7.2077
2251,42.147,7.2007
2252,42.16,7.1957
2253,42.147,7.2024
2254,42.169,7.1967
2255,42.154,7.1975
2256,42.169,7.1865
2257,42.154,7.188
2258,42.182,7.1824
2259,42.179,7.1724
2260,42.185,7.1759
2261,42.197,7.1725
2262,42.191,7.1762
2263,42.182,7.1706
2264,42.182,7.1694
2265,42.194,7.1739
2266,42.197,7.1677
2267,42.213,7.1571
2268,42.219,7.1576
2269,42.21,7.1524
2270,42.207,7.1483
2271,42.219,7.1428
2272,42.222,7.1468
2273,42.216,7.1467
2274,42.222,7.1497
2275,42.231,7.1477
2276,42.194,7.1413
2277,42.228,7.1389
2278,42.235,7.1347
2279,42.235,7.1326
2280,42.231,7.1249
2281,42.228,7.1247
2282,42.238,7.1265
2283,42.235,7.1143
2284,42.253,7.1096
2285,42.26,7.1121
2286,42.266,7.1116
2287,42.266,7.1093
2288,42.272,7.1098
2289,42.253,7.1164
2290,42.256,7.107
2291,42.26,7.1051
2292,42.284,7.0987
2293,42.263,7.0953
2294,42.284,7.0908
2295,42.297,7.0894
2296,42.269,7.0907
2297,42.288,7.0868
2298,42.291,7.0823
2299,42.3,7.0797
2300,42.291,7.0769
2301,42.306,7.076
2302,42.288,7.0799
2303,42.281,7.073
2304,42.297,7.0671
2305,42.288,7.0663
2306,42.328,7.0624
2307,42.319,7.0541
2308,42.331,7.0539
2309,42.312,7.05
2310,42.316,7.0434
2311,42.328,7.0414
2312,42.331,7.0425
2313,42.337,7.0483
2314,42.341,7.0424
2315,42.334,7.0431
2316,42.334,7.037
2317,42.328,7.0391
2318,42.325,7.039
2319,42.35,7.0236
2320,42.359,7.0288
2321,42.359,7.0237
2322,42.35,7.0227
2323,42.35,7.0134
2324,42.356,7.0152
2325,42.344,7.0187
2326,42.39,7.0071
2327,42.375,7.0156
2328,42.369,7.008
2329,42.378,7.0047
2330,42.356,7.001
2331,42.372,6.9979
2332,42.375,6.995
2333,42.412,6.9903
2334,42.4,6.9956
2335,42.393,6.9847
2336,42.393,6.985
2337,42.39,6.99
2338,42.384,6.981
2339,42.406,6.9738
2340,42.418,6.9695
2341,42.422,6.9739
2342,42.403,6.9684
2343,42.425,6.9559
2344,42.4,6.964
2345,42.397,6.9607
2346,42.434,6.96
2347,42.431,6.9628
2348,42.431,6.9583
2349,42.415,6.9599
2350,42.425,6.9451
2351,42.418,6.9443
2352,42.422,6.935
2353,42.459,6.9379
2354,42.44,6.9397
2355,42.45,6.9327
2356,42.459,6.9371
2357,42.44,6.9322
2358,42.45,6.9325
2359,42.45,6.9274
2360,42.487,6.9237
2361,42.45,6.93
2362,42.474,6.9198
2363,42.459,6.9201
2364,42.456,6.9127
2365,42.456,6.9109
2366,42.484,6.9089
2367,42.49,6.8981
2368,42.49,6.8993
2369,42.484,6.8995
2370,42.49,6.9051
2371,42.474,6.8932
2372,42.478,6.8953
2373,42.487,6.8985
2374,42.487,6.8864
2375,42.515,6.8755
2376,42.509,6.8757
2377,42.502,6.8714
2378,42.496,6.8734
2379,42.527,6.8688
2380,42.509,6.8721
2381,42.531,6.8668
2382,42.534,6.8679
2383,42.518,6.8683
2384,42.509,6.8622
2385,42.524,6.8639
2386,42.521,6.859
2387,42.537,6.8565
2388,42.543,6.8468
2389,42.549,6.8505
2390,42.531,6.8469
2391,42.527,6.8342
2392,42.534,6.8323
2393,42.54,6.8383
2394,42.54,6.8294
2395,42.565,6.8286
2396,42.559,6.8351
2397,42.537,6.8368
2398,42.565,6.8256
2399,42.555,6.8223
2400,42.574,6.8151
2401,42.562,6.8116
2402,42.612,6.8033
2403,42.574,6.8026
2404,42.571,6.7971
2405,42.59,6.8057
2406,42.593,6.8107
2407,42.59,6.8055
2408,42.596,6.8051
2409,42.577,6.8028
2410,42.58,6.7953
2411,42.583,6.7844
2412,42.593,6.7821
2413,42.583,6.7833
2414,42.608,6.7802
2415,42.618,6.7736
2416,42.608,6.7738
2417,42.615,6.7736
2418,42.621,6.7751
2419,42.621,6.7661
2420,42.612,6.7675
2421,42.621,6.7688
2422,42.621,6.7642
2423,42.627,6.758
2424,42.636,6.753
2425,42.627,6.7539
2426,42.621,6.747
2427,42.668,6.7354
2428,42.649,6.7429
2429,42.658,6.7423
2430,42.652,6.7413
2431,42.658,6.7376
2432,42.63,6.7363
2433,42.64,6.7323
2434,42.668,6.7273
2435,42.655,6.7248
2436,42.664,6.7157
2437,42.671,6.7226
2438,42.671,6.7204
2439,42.655,6.7105
2440,42.674,6.704
2441,42.689,6.7076
2442,42.683,6.7056
2443,42.674,6.7026
2444,42.699,6.6993
2445,42.674,6.7035
2446,42.68,6.6981
2447,42.717,6.6999
2448,42.702,6.6966
2449,42.683,6.6922
2450,42.699,6.6852
2451,42.705,6.6787
2452,42.696,6.6777
2453,42.702,6.6713
2454,42.739,6.6805
2455,42.702,6.6761
2456,42.708,6.6694
2457,42.711,6.67
2458,42.721,6.6615
2459,42.717,6.6564
2460,42.736,6.6507
2461,42.739,6.6557
2462,42.714,6.6523
2463,42.733,6.6433
2464,42.739,6.6485
2465,42.733,6.6425
2466,42.752,6.6396
2467,42.745,6.6354
2468,42.755,6.6328
2469,42.755,6.6288
2470,42.755,6.6249
2471,42.764,6.6285
2472,42.761,6.6252
2473,42.764,6.6257
2474,42.767,6.6254
2475,42.773,6.6132
2476,42.777,6.6192
2477,42.777,6.6171
2478,42.792,6.6119
2479,42.77,6.6074
2480,42.777,6.6031
2481,42.783,6.605
2482,42.773,6.595
2483,42.805,6.5926
2484,42.773,6.5917
2485,42.786,6.5915
2486,42.795,6.5883
2487,42.798,6.5805
2488,42.808,6.583
2489,42.811,6.5842
2490,42.817,6.5888
2491,42.795,6.5748
2492,42.805,6.5624
2493,42.817,6.5679
2494,42.814,6.5628
2495,42.845,6.5568
2496,42.836,6.5518
2497,42.817,6.5593
2498,42.833,6.5525
2499,42.836,6.5447
2500,42.839,6.5496
2501,42.833,6.5504
2502,42.845,6.5459
2503,42.842,6.5412
2504,42.82,6.5388
2505,42.839,6.5342
2506,42.87,6.5297
2507,42.842,6.5305
2508,42.858,6.5246
2509,42.858,6.5251
2510,42.861,6.5215
2511,42.848,6.5131
2512,42.883,6.5091
2513,42.876,6.5143
2514,42.879,6.515
2515,42.886,6.5079
2516,42.883,6.5061
2517,42.873,6.5025
2518,42.879,6.5032
2519,42.886,6.4991
2520,42.883,6.4931
2521,42.879,6.4951
2522,42.898,6.4877
2523,42.895,6.4802
2524,42.883,6.4813
2525,42.901,6.4759
2526,42.892,6.4796
2527,42.92,6.4688
2528,42.92,6.4711
2529,42.907,6.4706
2530,42.895,6.4681
2531,42.904,6.4614
2532,42.917,6.4568
2533,42.904,6.4537
2534,42.926,6.446
2535,42.954,6.4479
2536,42.929,6.4502
2537,42.945,6.4462
2538,42.929,6.4475
2539,42.929,6.4393
2540,42.929,6.435
2541,42.963,6.4376
2542,42.967,6.4366
2543,42.951,6.4344
2544,42.942,6.4246
2545,42.935,6.4296
2546,42.932,6.4194
2547,42.957,6.4149
2548,42.982,6.4133
2549,42.973,6.4147
2550,42.967,6.4096
2551,42.951,6.4021
2552,42.954,6.404
2553,42.948,6.4048
2554,42.988,6.396
2555,42.988,6.401
2556,42.988,6.3931
2557,42.967,6.3898
2558,42.992,6.3857
2559,42.985,6.3792
2560,42.988,6.3792
2561,43.001,6.3771
2562,43.02,6.3795
2563,42.995,6.3697
2564,42.992,6.3695
2565,42.995,6.3737
2566,42.992,6.3704
2567,43.01,6.3642
2568,43.023,6.3603
2569,43.02,6.3552
2570,43.01,6.3533
2571,43.026,6.3407
2572,43.007,6.3501
2573,43.013,6.3464
2574,43.032,6.3414
2575,43.038,6.3337
2576,43.038,6.3361
2577,43.038,6.3399
2578,43.032,6.3337
2579,43.054,6.3296
2580,43.02,6.322
2581,43.041,6.322
2582,43.063,6.3199
2583,43.066,6.3138
2584,43.057,6.3146
2585,43.041,6.3127
2586,43.06,6.3108
2587,43.06,6.3027
2588,43.073,6.2935
2589,43.076,6.3044
2590,43.076,6.2968
2591,43.057,6.2979
2592,43.051,6.2885
2593,43.054,6.2904
2594,43.076,6.2861
2595,43.079,6.2782
2596,43.11,6.2809
2597,43.085,6.2836
2598,43.082,6.2781
2599,43.085,6.2691
2600,43.101,6.2602
2601,43.091,6.2671
2602,43.094,6.263
2603,43.116,6.2607
2604,43.101,6.2571
2605,43.094,6.255
2606,43.116,6.2542
2607,43.119,6.2445
2608,43.122,6.2475
2609,43.119,6.2443
2610,43.138,6.2443
2611,43.113,6.237
2612,43.11,6.233
2613,43.138,6.2302
2614,43.129,6.2279
2615,43.135,6.2234
2616,43.144,6.2151
2617,43.154,6.2168
2618,43.135,6.2179
2619,43.132,6.2166
2620,43.138,6.217
2621,43.135,6.2051
2622,43.138,6.2068
2623,43.163,6.2015
2624,43.163,6.1991
2625,43.157,6.1985
2626,43.166,6.193
2627,43.166,6.1894
2628,43.172,6.1833
2629,43.16,6.1868
2630,43.185,6.1805
2631,43.194,6.178
2632,43.163,6.1781
2633,43.166,6.1755
2634,43.182,6.1782
2635,43.194,6.1715
2636,43.185,6.1685
2637,43.194,6.1685
2638,43.188,6.1615
2639,43.175,6.1551
2640,43.194,6.1443
2641,43.197,6.1455
2642,43.194,6.1428
2643,43.216,6.1412
2644,43.203,6.1424
2645,43.21,6.1409
2646,43.213,6.1419
2647,43.225,6.1281
2648,43.222,6.1328
2649,43.222,6.1341
2650,43.228,6.1276
2651,43.222,6.1222
2652,43.241,6.1085
2653,43.225,6.1134
2654,43.238,6.1066
2655,43.253,6.1019
2656,43.234,6.1077
2657,43.247,6.1055
2658,43.238,6.1059
2659,43.238,6.0964
2660,43.247,6.0987
2661,43.231,6.096
2662,43.256,6.0885
2663,43.247,6.0869
2664,43.266,6.0788
2665,43.247,6.0813
2666,43.263,6.0754
2667,43.269,6.07
2668,43.275,6.0674
2669,43.278,6.0638
2670,43.281,6.0703
2671,43.278,6.0626
2672,43.294,6.0599
2673,43.278,6.0638
2674,43.281,6.0615
2675,43.291,6.0514
2676,43.297,6.0467
2677,43.3,6.0485
2678,43.281,6.0426
2679,43.3,6.0304
2680,43.294,6.0354
2681,43.3,6.029
2682,43.3,6.0296
2683,43.319,6.0254
2684,43.297,6.0292
2685,43.297,6.0276
2686,43.315,6.0142
2687,43.315,6.0175
2688,43.319,6.0087
2689,43.337,6.0096
2690,43.334,6.0094
2691,43.322,6.0012
2692,43.315,6.0008
2693,43.344,5.9972
2694,43.34,5.9931
2695,43.347,5.992
2696,43.344,5.9892
2697,43.353,5.9931
2698,43.331,5.9852
2699,43.34,5.9813
2700,43.356,5.9763
2701,43.337,5.9741
2702,43.365,5.9716
2703,43.353,5.9635
2704,43.375,5.9644
2705,43.34,5.9593
2706,43.375,5.9577
2707,43.368,5.9598
2708,43.368,5.9511
2709,43.375,5.9537
2710,43.375,5.9479
2711,43.372,5.9463
2712,43.375,5.9389
2713,43.365,5.9383
2714,43.387,5.9382
2715,43.39,5.9244
2716,43.403,5.9301
2717,43.406,5.9269
2718,43.4,5.9288
2719,43.403,5.919
2720,43.387,5.9154
2721,43.403,5.9185
2722,43.412,5.91
2723,43.418,5.9057
2724,43.412,5.9053
2725,43.418,5.903
2726,43.409,5.9019
2727,43.409,5.8931
2728,43.431,5.891
2729,43.44,5.8899
2730,43.421,5.8935
2731,43.434,5.8881
2732,43.403,5.8827
2733,43.415,5.8831
2734,43.418,5.8751
2735,43.459,5.8746
2736,43.453,5.8704
2737,43.428,5.8668
2738,43.453,5.8642
2739,43.443,5.8621
2740,43.434,5.8576
2741,43.456,5.8573
2742,43.477,5.8551
2743,43.456,5.8502
2744,43.468,5.8422
2745,43.468,5.8433
2746,43.462,5.8308
2747,43.462,5.8327
2748,43.502,5.8295
2749,43.481,5.8317
2750,43.471,5.8247
2751,43.493,5.8126
2752,43.471,5.8212
2753,43.465,5.8199
2754,43.477,5.8206
2755,43.49,5.8149
2756,43.505,5.8155
2757,43.477,5.8084
2758,43.518,5.8026
2759,43.496,5.7993
2760,43.49,5.7909
2761,43.499,5.7904
2762,43.527,5.788
2763,43.515,5.7841
2764,43.515,5.7872
2765,43.534,5.789
2766,43.505,5.7928
2767,43.505,5.7764
2768,43.527,5.7772
2769,43.524,5.7729
2770,43.54,5.763
2771,43.527,5.7655
2772,43.524,5.7589
2773,43.499,5.7544
2774,43.512,5.7521
2775,43.549,5.7444
2776,43.549,5.7472
2777,43.568,5.7459
2778,43.552,5.75
2779,43.527,5.7407
2780,43.537,5.7312
2781,43.53,5.7361
2782,43.571,5.7242
2783,43.574,5.725
2784,43.577,5.7202
2785,43.565,5.7246
2786,43.543,5.7198
2787,43.602,5.7048
2788,43.562,5.7072
2789,43.586,5.7049
2790,43.599,5.7054
2791,43.58,5.7022
2792,43.565,5.7043
2793,43.577,5.7013
2794,43.602,5.6952
2795,43.59,5.6921
2796,43.596,5.6819
2797,43.611,5.685
2798,43.605,5.6807
2799,43.599,5.6727
2800,43.586,5.6755
2801,43.593,5.6746
2802,43.599,5.6695
2803,43.618,5.6639
2804,43.63,5.6624
2805,43.605,5.666
2806,43.624,5.6597
2807,43.624,5.6579
2808,43.621,5.6503
2809,43.608,5.6412
2810,43.636,5.6395
2811,43.643,5.6328
2812,43.636,5.6338
2813,43.63,5.6303
2814,43.639,5.6325
2815,43.624,5.6282
2816,43.664,5.6161
2817,43.649,5.6295
2818,43.652,5.6211
2819,43.643,5.6147
2820,43.658,5.6093
2821,43.627,5.6072
2822,43.643,5.6046
2823,43.683,5.5993
2824,43.68,5.6053
2825,43.677,5.6032
2826,43.677,5.5966
2827,43.667,5.5897
2828,43.646,5.5866
2829,43.702,5.5837
2830,43.683,5.5842
2831,43.689,5.5815
2832,43.683,5.577
2833,43.671,5.5698
2834,43.68,5.5673
2835,43.692,5.5591
2836,43.705,5.5616
2837,43.702,5.5639
2838,43.686,5.5557
2839,43.705,5.5547
2840,43.686,5.5509
2841,43.702,5.5474
2842,43.702,5.5417
2843,43.714,5.5426
2844,43.702,5.537
2845,43.711,5.5284
2846,43.727,5.5328
2847,43.711,5.5277
2848,43.717,5.5245
2849,43.739,5.5253
2850,43.733,5.5226
2851,43.72,5.5175
2852,43.752,5.5061
2853,43.733,5.5113
2854,43.733,5.5048
2855,43.739,5.4998
2856,43.758,5.4966
2857,43.73,5.4975
2858,43.761,5.4889
2859,43.77,5.488
2860,43.758,5.4895
2861,43.736,5.4843
2862,43.758,5.4813
2863,43.767,5.4757
2864,43.752,5.4747
2865,43.761,5.4763
2866,43.783,5.4744
2867,43.742,5.4658
2868,43.758,5.457
2869,43.776,5.458
2870,43.776,5.4596
2871,43.792,5.4428
2872,43.783,5.4483
2873,43.783,5.4513
2874,43.773,5.4456
2875,43.801,5.4345
2876,43.798,5.4369
2877,43.801,5.4381
2878,43.801,5.4294
2879,43.808,5.4285
2880,43.78,5.4182
2881,43.817,5.4089
2882,43.789,5.4152
2883,43.823,5.4147
2884,43.808,5.4142
2885,43.817,5.4085
2886,43.805,5.4089
2887,43.814,5.4011
2888,43.839,5.3978
2889,43.814,5.4037
2890,43.826,5.3953
2891,43.826,5.3903
2892,43.829,5.3768
2893,43.82,5.3844
2894,43.839,5.3768
2895,43.867,5.3706
2896,43.848,5.3715
2897,43.861,5.3671
2898,43.864,5.3684
2899,43.829,5.3629
2900,43.864,5.3592
2901,43.851,5.3622
2902,43.87,5.3539
2903,43.851,5.3479
2904,43.873,5.3379
2905,43.873,5.336
2906,43.861,5.3375
2907,43.879,5.3311
2908,43.876,5.3331
2909,43.848,5.3276
2910,43.879,5.3253
2911,43.876,5.3265
2912,43.876,5.3239
2913,43.867,5.3243
2914,43.892,5.3218
2915,43.879,5.3194
2916,43.879,5.308
2917,43.923,5.2978
2918,43.901,5.2989
2919,43.907,5.2886
2920,43.901,5.2899
2921,43.904,5.2861
2922,43.904,5.2886
2923,43.917,5.2825
2924,43.942,5.2849
2925,43.917,5.2891
2926,43.898,5.279
2927,43.917,5.2729
2928,43.926,5.2642
2929,43.914,5.2606
2930,43.929,5.2586
2931,43.954,5.2566
2932,43.91,5.255
2933,43.932,5.2479
2934,43.942,5.2453
2935,43.942,5.2445
2936,43.954,5.242
2937,43.96,5.2463
2938,43.951,5.2413
2939,43.942,5.2303
2940,43.935,5.2269
2941,43.951,5.2239
2942,43.966,5.2185
2943,43.963,5.211
2944,43.976,5.2087
2945,43.973,5.209
2946,43.979,5.2055
2947,43.97,5.2044
2948,43.966,5.2035
2949,43.966,5.2047
2950,43.982,5.1998
2951,43.985,5.1939
2952,43.979,5.1886
2953,43.982,5.1832
2954,43.991,5.1833
2955,43.979,5.177
2956,44.001,5.1741
2957,44.001,5.1761
2958,43.991,5.1726
2959,44.001,5.168
2960,44.001,5.1653
2961,43.973,5.1638
2962,43.998,5.1557
2963,44.01,5.1513
2964,44.041,5.1461
2965,44.023,5.1448
2966,44.019,5.144
2967,44.019,5.1398
2968,44.016,5.1297
2969,44.029,5.1281
2970,44.041,5.1261
2971,44.047,5.1241
2972,44.032,5.1233
2973,44.029,5.1255
2974,44.026,5.1241
2975,44.038,5.1078
2976,44.051,5.1106
2977,44.051,5.1078
2978,44.06,5.1036
2979,44.057,5.0955
2980,44.035,5.0981
2981,44.035,5.0942
2982,44.057,5.0916
2983,44.066,5.0912
2984,44.063,5.0893
2985,44.079,5.0834
2986,44.072,5.0758
2987,44.063,5.0692
2988,44.066,5.062
2989,44.079,5.0606
2990,44.079,5.0592
2991,44.104,5.0577
2992,44.088,5.0554
2993,44.094,5.0508
2994,44.085,5.0501
2995,44.085,5.0471
2996,44.1,5.0387
2997,44.085,5.0401
2998,44.11,5.0345
2999,44.1,5.0348
3000,44.104,5.0273
3001,44.091,5.0266
3002,44.085,5.0224
3003,44.104,5.0177
3004,44.122,5.015
3005,44.128,5.0167
3006,44.144,5.0133
3007,44.1,5.0056
3008,44.122,5.0021
3009,44.11,5.0018
3010,44.141,4.9871
3011,44.15,4.9869
3012,44.147,4.986
3013,44.138,4.9856
3014,44.132,4.9852
3015,44.144,4.9777
3016,44.128,4.9742
3017,44.144,4.9668
3018,44.172,4.9754
3019,44.147,4.9697
3020,44.141,4.9623
3021,44.128,4.9593
3022,44.144,4.9514
3023,44.16,4.9472
3024,44.153,4.943
3025,44.181,4.9419
3026,44.156,4.9407
3027,44.194,4.9294
3028,44.163,4.936
3029,44.169,4.9296
3030,44.172,4.9269
3031,44.178,4.9212
3032,44.209,4.9193
3033,44.188,4.9165
3034,44.181,4.9094
3035,44.197,4.9096
3036,44.188,4.902
3037,44.203,4.8992
3038,44.194,4.8959
3039,44.209,4.8924
3040,44.213,4.8905
3041,44.197,4.893
3042,44.203,4.8929
3043,44.197,4.8885
3044,44.209,4.8788
3045,44.209,4.8847
3046,44.225,4.8753
3047,44.213,4.8719
3048,44.219,4.8629
3049,44.222,4.8635
3050,44.228,4.8547
3051,44.231,4.8445
3052,44.253,4.8492
3053,44.247,4.8483
3054,44.244,4.8434
3055,44.228,4.84
3056,44.25,4.8391
3057,44.241,4.8367
3058,44.259,4.8311
3059,44.259,4.8244
3060,44.25,4.8192
3061,44.241,4.809
3062,44.25,4.8073
3063,44.269,4.8045
3064,44.266,4.8055
3065,44.272,4.8052
3066,44.275,4.8076
3067,44.262,4.802
3068,44.259,4.7957
3069,44.287,4.7903
3070,44.266,4.7934
3071,44.278,4.7845
3072,44.287,4.7805
3073,44.284,4.7799
3074,44.284,4.7731
3075,44.297,4.7654
3076,44.315,4.765
3077,44.309,4.7638
3078,44.297,4.7567
3079,44.325,4.7534
3080,44.294,4.7535
3081,44.303,4.7523
3082,44.312,4.7491
3083,44.306,4.7446
3084,44.306,4.7366
3085,44.315,4.7348
3086,44.337,4.7279
3087,44.325,4.7248
3088,44.312,4.7237
3089,44.322,4.7241
3090,44.325,4.7176
3091,44.325,4.7113
3092,44.328,4.7097
3093,44.331,4.709
3094,44.343,4.7067
3095,44.331,4.7045
3096,44.346,4.6959
3097,44.35,4.6865
3098,44.359,4.6823
3099,44.359,4.6822
3100,44.365,4.6786
3101,44.356,4.6778
3102,44.35,4.6777
3103,44.365,4.667
3104,44.378,4.6667
3105,44.39,4.6669
3106,44.371,4.6635
3107,44.371,4.6588
3108,44.371,4.6529
3109,44.353,4.649
3110,44.378,4.6431
3111,44.403,4.6413
3112,44.378,4.6421
3113,44.381,4.6389
3114,44.393,4.6349
3115,44.378,4.6278
3116,44.39,4.6258
3117,44.403,4.6226
3118,44.406,4.6195
3119,44.39,4.6144
3120,44.396,4.6054
3121,44.403,4.6021
3122,44.412,4.6004
3123,44.424,4.5926
3124,44.431,4.5943
3125,44.424,4.5924
3126,44.424,4.5903
3127,44.421,4.5796
3128,44.431,4.5806
3129,44.415,4.5817
3130,44.424,4.5757
3131,44.449,4.5753
3132,44.415,4.5675
3133,44.437,4.5627
3134,44.443,4.5616
3135,44.44,4.5544
3136,44.44,4.5534
3137,44.446,4.5462
3138,44.449,4.5466
3139,44.446,4.5381
3140,44.462,4.5378
3141,44.459,4.538
3142,44.452,4.524
3143,44.465,4.5247
3144,44.474,4.5177
3145,44.496,4.5146
3146,44.48,4.5119
3147,44.496,4.5104
3148,44.477,4.5109
3149,44.459,4.5063
3150,44.49,4.5004
3151,44.474,4.4943
3152,44.502,4.4933
3153,44.496,4.497
3154,44.477,4.4897
3155,44.465,4.4839
3156,44.487,4.4721
3157,44.499,4.4759
3158,44.505,4.4717
3159,44.508,4.4627
3160,44.512,4.4673
3161,44.48,4.4632
3162,44.508,4.4535
3163,44.518,4.4503
3164,44.518,4.4543
3165,44.524,4.452
3166,44.537,4.4452
3167,44.533,4.4392
3168,44.515,4.4301
3169,44.524,4.4214
3170,44.549,4.4238
3171,44.537,4.4176
3172,44.549,4.4193
3173,44.555,4.4179
3174,44.543,4.4198
3175,44.53,4.4105
3176,44.552,4.4075
3177,44.552,4.4116
3178,44.537,4.4005
3179,44.568,4.3904
3180,44.552,4.3877
3181,44.546,4.3869
3182,44.546,4.3764
3183,44.58,4.3718
3184,44.571,4.3704
3185,44.577,4.368
3186,44.593,4.3678
3187,44.589,4.3659
3188,44.565,4.3616
3189,44.574,4.3611
3190,44.574,4.3573
3191,44.571,4.3504
3192,44.605,4.3383
3193,44.593,4.3417
3194,44.608,4.3348
3195,44.602,4.3336
3196,44.593,4.3269
3197,44.586,4.3272
3198,44.611,4.3203
3199,44.621,4.3198
3200,44.608,4.3208
3201,44.602,4.3191
3202,44.599,4.3139
3203,44.586,4.3061
3204,44.627,4.2992
3205,44.627,4.2923
3206,44.639,4.2932
3207,44.639,4.2843
3208,44.633,4.2819
3209,44.627,4.2754
3210,44.617,4.2742
3211,44.639,4.2694
3212,44.664,4.275
3213,44.636,4.2715
3214,44.642,4.2662
3215,44.652,4.2604
3216,44.649,4.2545
3217,44.639,4.2495
3218,44.67,4.2429
3219,44.67,4.2396
3220,44.642,4.2364
3221,44.686,4.2315
3222,44.661,4.2347
3223,44.649,4.2286
3224,44.661,4.227
3225,44.689,4.2264
3226,44.68,4.2214
3227,44.664,4.2131
3228,44.695,4.2058
3229,44.674,4.2062
3230,44.664,4.1976
3231,44.695,4.1917
3232,44.702,4.1907
3233,44.692,4.1897
3234,44.708,4.1832
3235,44.727,4.182
3236,44.689,4.1782
3237,44.683,4.1758
3238,44.723,4.1698
3239,44.711,4.1685
3240,44.702,4.1591
3241,44.733,4.1579
3242,44.708,4.1572
3243,44.698,4.1472
3244,44.711,4.145
3245,44.73,4.1423
3246,44.742,4.1383
3247,44.723,4.1368
3248,44.745,4.1378
3249,44.72,4.1345
3250,44.723,4.1199
3251,44.73,4.1173
3252,44.745,4.1128
3253,44.758,4.1111
3254,44.758,4.1068
3255,44.764,4.0985
3256,44.755,4.1006
3257,44.758,4.0943
3258,44.77,4.0939
3259,44.773,4.0883
3260,44.767,4.0845
3261,44.761,4.0866
3262,44.761,4.0798
3263,44.767,4.0707
3264,44.773,4.0678
3265,44.779,4.0674
3266,44.792,4.0644
3267,44.792,4.0532
3268,44.776,4.0549
3269,44.761,4.0473
3270,44.795,4.0422
3271,44.786,4.0407
3272,44.789,4.0324
3273,44.801,4.0356
3274,44.798,4.0289
3275,44.804,4.0258
3276,44.804,4.0161
3277,44.836,4.0129
3278,44.795,4.0129
3279,44.82,4.0037
3280,44.836,4.0056
3281,44.82,4.0021
3282,44.82,4.0008
3283,44.829,3.9941
3284,44.829,3.9909
3285,44.832,3.9893
3286,44.832,3.9787
3287,44.848,3.9771
3288,44.826,3.9717
3289,44.826,3.9679
3290,44.832,3.967
3291,44.839,3.9637
3292,44.836,3.9591
3293,44.87,3.9579
3294,44.854,3.9544
3295,44.854,3.9471
3296,44.851,3.9392
3297,44.867,3.9404
3298,44.867,3.9317
3299,44.873,3.9263
3300,44.879,3.9224
3301,44.86,3.9207
3302,44.879,3.9166
3303,44.882,3.9083
3304,44.882,3.9059
3305,44.882,3.9055
3306,44.901,3.905
3307,44.882,3.9024
3308,44.888,3.8964
3309,44.87,3.8927
3310,44.888,3.8844
3311,44.888,3.8796
3312,44.904,3.8747
3313,44.907,3.8712
3314,44.907,3.8684
3315,44.907,3.8624
3316,44.904,3.8636
3317,44.907,3.857
3318,44.907,3.8543
3319,44.929,3.8461
3320,44.926,3.8482
3321,44.91,3.8426
3322,44.941,3.8397
3323,44.917,3.8361
3324,44.932,3.8273
3325,44.945,3.8219
3326,44.948,3.8184
3327,44.948,3.8127
3328,44.929,3.8088
3329,44.96,3.8097
3330,44.929,3.8045
3331,44.957,3.7954
3332,44.957,3.7965
3333,44.96,3.7986
3334,44.954,3.7917
3335,44.951,3.7847
3336,44.951,3.7799
3337,44.951,3.7744
3338,44.96,3.7658
3339,44.994,3.7641
3340,44.973,3.76
3341,44.969,3.7574
3342,44.979,3.7528
3343,44.976,3.7501
3344,44.988,3.7439
3345,44.985,3.744
3346,45.01,3.7398
3347,44.988,3.7377
3348,44.998,3.7281
3349,44.988,3.7298
3350,45.001,3.72
3351,45.013,3.7108
3352,45.01,3.7121
3353,45.022,3.7086
3354,45.019,3.7083
3355,45.007,3.7005
3356,45.026,3.7012
3357,45.007,3.6943
3358,45.029,3.691
3359,45.013,3.6849
3360,45.041,3.6791
3361,45.026,3.6725
3362,45.019,3.6695
3363,45.038,3.6634
3364,45.032,3.6635
3365,45.041,3.6589
3366,45.057,3.6551
3367,45.06,3.6468
3368,45.047,3.6436
3369,45.047,3.6425
3370,45.047,3.6369
3371,45.057,3.6313
3372,45.047,3.63
3373,45.082,3.6269
3374,45.075,3.6262
3375,45.075,3.6153
3376,45.06,3.6117
3377,45.063,3.6082
3378,45.078,3.5997
3379,45.066,3.5956
3380,45.094,3.5911
3381,45.091,3.5984
3382,45.06,3.5897
3383,45.072,3.5864
3384,45.085,3.5769
3385,45.091,3.5736
3386,45.103,3.5689
3387,45.138,3.5621
3388,45.11,3.5598
3389,45.091,3.5567
3390,45.11,3.5508
3391,45.103,3.5468
3392,45.122,3.5409
3393,45.128,3.5418
3394,45.138,3.5394
3395,45.125,3.5335
3396,45.119,3.5273
3397,45.116,3.5231
3398,45.135,3.52
3399,45.113,3.5126
3400,45.135,3.5106
3401,45.131,3.5075
3402,45.15,3.499
3403,45.128,3.4956
3404,45.144,3.4895
3405,45.147,3.4924
3406,45.147,3.4859
3407,45.166,3.4788
3408,45.15,3.4754
3409,45.156,3.4675
3410,45.153,3.4683
3411,45.166,3.4596
3412,45.175,3.4564
3413,45.172,3.4509
3414,45.197,3.4489
3415,45.197,3.4454
3416,45.181,3.4413
3417,45.169,3.4388
3418,45.184,3.4304
3419,45.184,3.4265
3420,45.188,3.4203
3421,45.2,3.4175
3422,45.2,3.4161
3423,45.209,3.4106
3424,45.197,3.4044
3425,45.2,3.3999
3426,45.203,3.3928
3427,45.222,3.3891
3428,45.222,3.387
3429,45.212,3.3842
3430,45.197,3.3793
3431,45.197,3.3741
3432,45.222,3.3701
3433,45.237,3.3667
3434,45.234,3.3623
3435,45.25,3.3575
3436,45.234,3.3556
3437,45.225,3.3488
3438,45.24,3.3413
3439,45.237,3.3375
3440,45.25,3.3359
3441,45.244,3.3345
3442,45.253,3.3289
3443,45.244,3.3223
3444,45.256,3.3137
3445,45.269,3.3134
3446,45.259,3.3061
3447,45.275,3.3028
3448,45.262,3.299
3449,45.259,3.295
3450,45.275,3.2914
3451,45.265,3.2857
3452,45.281,3.2809
3453,45.269,3.2768
3454,45.309,3.2727
3455,45.278,3.2672
3456,45.293,3.2604
3457,45.297,3.2578
3458,45.287,3.2499
3459,45.3,3.2463
3460,45.3,3.2434
3461,45.306,3.2404
3462,45.315,3.2384
3463,45.3,3.2313
3464,45.312,3.2336
3465,45.309,3.2296
3466,45.312,3.2198
3467,45.321,3.2112
3468,45.328,3.2086
3469,45.321,3.202
3470,45.315,3.1984
3471,45.334,3.1941
3472,45.309,3.1909
3473,45.334,3.1865
3474,45.359,3.1883
3475,45.346,3.1811
3476,45.337,3.176
3477,45.34,3.1733
3478,45.34,3.1636
3479,45.346,3.1533
3480,45.353,3.1488
3481,45.378,3.1514
3482,45.362,3.1484
3483,45.381,3.1393
3484,45.356,3.1346
3485,45.371,3.131
3486,45.387,3.1224
3487,45.387,3.1198
3488,45.387,3.1231
3489,45.353,3.1176
3490,45.365,3.1082
3491,45.387,3.1053
3492,45.378,3.097
3493,45.399,3.0939
3494,45.399,3.0896
3495,45.39,3.0851
3496,45.406,3.0764
3497,45.387,3.0766
3498,45.399,3.0711
3499,45.406,3.0683
3500,45.427,3.0624
3501,45.406,3.0638
3502,45.412,3.0553
3503,45.421,3.0467
3504,45.418,3.044
3505,45.427,3.0392
3506,45.449,3.0361
3507,45.427,3.0275
3508,45.44,3.027
3509,45.437,3.0212
3510,45.446,3.0163
3511,45.427,3.0111
3512,45.449,3.0074
3513,45.452,3.0033
3514,45.446,2.9968
3515,45.459,2.99
3516,45.459,2.9903
3517,45.446,2.9835
3518,45.44,2.9798
3519,45.474,2.9709
3520,45.462,2.9671
3521,45.465,2.9623
3522,45.499,2.9579
3523,45.487,2.9562
3524,45.459,2.9522
3525,45.49,2.9466
3526,45.487,2.9436
3527,45.502,2.9367
3528,45.48,2.9303
3529,45.505,2.9289
3530,45.49,2.9236
3531,45.48,2.915
3532,45.511,2.9085
3533,45.511,2.9097
3534,45.499,2.9027
3535,45.515,2.9011
3536,45.518,2.8975
3537,45.493,2.8924
3538,45.499,2.8797
3539,45.53,2.8754
3540,45.527,2.873
3541,45.521,2.8692
3542,45.546,2.8633
3543,45.53,2.8606
3544,45.518,2.8528
3545,45.536,2.8471
3546,45.564,2.846
3547,45.549,2.84
3548,45.555,2.834
3549,45.549,2.8332
3550,45.552,2.827
3551,45.536,2.8161
3552,45.568,2.815
3553,45.571,2.8142
3554,45.571,2.8081
3555,45.577,2.8016
3556,45.561,2.7977
3557,45.555,2.7918
3558,45.586,2.7873
3559,45.574,2.7766
3560,45.577,2.7769
3561,45.586,2.7703
3562,45.586,2.7689
3563,45.586,2.7637
3564,45.589,2.7574
3565,45.599,2.7547
3566,45.589,2.7498
3567,45.624,2.743
3568,45.611,2.7387
3569,45.614,2.7356
3570,45.611,2.7299
3571,45.602,2.7207
3572,45.62,2.721
3573,45.611,2.7153
3574,45.639,2.7064
3575,45.645,2.7061
3576,45.627,2.6981
3577,45.627,2.6944
3578,45.617,2.6871
3579,45.636,2.6832
3580,45.624,2.6761
3581,45.652,2.6744
3582,45.645,2.6757
3583,45.63,2.665
3584,45.661,2.6626
3585,45.639,2.6561
3586,45.652,2.647
3587,45.673,2.6401
3588,45.67,2.637
3589,45.661,2.6372
3590,45.658,2.6258
3591,45.667,2.623
3592,45.67,2.6201
3593,45.67,2.6122
3594,45.711,2.6117
3595,45.698,2.6078
3596,45.689,2.6029
3597,45.686,2.5962
3598,45.683,2.5886
3599,45.673,2.5856
3600,45.698,2.5776
3601,45.723,2.5751
3602,45.698,2.5692
3603,45.714,2.5623
3604,45.72,2.5614
3605,45.701,2.556
3606,45.714,2.5494
3607,45.711,2.5442
3608,45.723,2.5428
3609,45.708,2.5373
3610,45.72,2.5322
3611,45.72,2.5256
3612,45.717,2.5163
3613,45.745,2.5127
3614,45.751,2.5083
3615,45.754,2.5006
3616,45.748,2.4981
3617,45.748,2.4951
3618,45.754,2.4895
3619,45.742,2.4808
3620,45.761,2.478
3621,45.767,2.4746
3622,45.761,2.4692
3623,45.786,2.4622
3624,45.764,2.4615
3625,45.754,2.4525
3626,45.773,2.4466
3627,45.773,2.442
3628,45.773,2.4365
3629,45.776,2.4318
3630,45.798,2.4267
3631,45.786,2.4242
3632,45.767,2.4145
3633,45.804,2.4149
3634,45.795,2.4091
3635,45.817,2.4002
3636,45.814,2.3958
3637,45.82,2.3962
3638,45.795,2.3849
3639,45.804,2.3786
3640,45.823,2.3748
3641,45.814,2.3712
3642,45.832,2.3614
3643,45.845,2.3618
3644,45.826,2.3584
3645,45.82,2.3505
3646,45.829,2.3416
3647,45.835,2.3404
3648,45.839,2.3346
3649,45.832,2.3279
3650,45.851,2.3262
3651,45.832,2.3199
3652,45.851,2.3093
3653,45.842,2.309
3654,45.863,2.3034
3655,45.863,2.2928
3656,45.867,2.2926
3657,45.87,2.2907
3658,45.863,2.2829
3659,45.873,2.2711
3660,45.879,2.2713
3661,45.873,2.2656
3662,45.901,2.2612
3663,45.895,2.2532
3664,45.885,2.2534
3665,45.891,2.2466
3666,45.898,2.2414
3667,45.891,2.2306
3668,45.91,2.2281
3669,45.898,2.2241
3670,45.895,2.2202
3671,45.907,2.2145
3672,45.901,2.2069
3673,45.923,2.204
3674,45.913,2.1953
3675,45.932,2.1898
3676,45.916,2.1876
3677,45.929,2.182
3678,45.932,2.1766
3679,45.932,2.1696
3680,45.932,2.1644
3681,45.935,2.1612
3682,45.948,2.155
3683,45.944,2.1525
3684,45.948,2.1395
3685,45.963,2.1405
3686,45.944,2.1335
3687,45.954,2.1261
3688,45.969,2.1202
3689,45.963,2.1178
3690,45.963,2.1114
3691,45.972,2.1024
3692,45.969,2.1007
3693,45.96,2.0977
3694,45.994,2.0873
3695,45.997,2.0839
3696,45.972,2.0789
3697,45.982,2.0733
3698,45.997,2.0686
3699,45.997,2.0607
3700,45.994,2.0566
3701,45.994,2.0485
3702,46.041,2.0517
3703,45.988,2.0405
3704,46.025,2.037
3705,46.01,2.0328
3706,46.01,2.0224
3707,46.019,2.0156
3708,46.032,2.01
3709,46.035,2.0095
3710,46.019,2.0025
3711,46.041,1.994
3712,46.032,1.9931
3713,46.022,1.9849
3714,46.05,1.9819
3715,46.06,1.9752
3716,46.047,1.9725
3717,46.032,1.9672
3718,46.032,1.9584
3719,46.047,1.9524
3720,46.057,1.9427
3721,46.069,1.9434
3722,46.069,1.9362
3723,46.072,1.931
3724,46.057,1.9264
3725,46.066,1.9216
3726,46.078,1.9141
3727,46.091,1.9078
3728,46.088,1.9014
3729,46.091,1.9009
3730,46.085,1.8921
3731,46.097,1.8838
3732,46.091,1.8766
3733,46.106,1.8719
3734,46.116,1.8687
3735,46.122,1.8633
3736,46.122,1.8569
3737,46.103,1.852
3738,46.113,1.8491
3739,46.106,1.8402
3740,46.116,1.8353
3741,46.125,1.8352
3742,46.125,1.8272
3743,46.131,1.8196
3744,46.131,1.8147
3745,46.11,1.8087
3746,46.147,1.8003
3747,46.144,1.7941
3748,46.144,1.7894
3749,46.162,1.7841
3750,46.162,1.7798
3751,46.147,1.7748
3752,46.147,1.7709
3753,46.166,1.7638
3754,46.159,1.7581
3755,46.178,1.7502
3756,46.197,1.7451
3757,46.162,1.7377
3758,46.181,1.7342
3759,46.159,1.7251
3760,46.184,1.7165
3761,46.184,1.717
3762,46.203,1.7126
3763,46.206,1.7065
3764,46.191,1.7022
3765,46.184,1.6986
3766,46.194,1.6873
3767,46.219,1.6778
3768,46.212,1.6734
3769,46.212,1.671
3770,46.228,1.6663
3771,46.206,1.6593
3772,46.225,1.6528
3773,46.225,1.6462
3774,46.237,1.6415
3775,46.256,1.6376
3776,46.234,1.633
3777,46.237,1.6274
3778,46.234,1.6182
3779,46.222,1.612
3780,46.247,1.6038
3781,46.256,1.6014
3782,46.259,1.5968
3783,46.268,1.5923
3784,46.25,1.5831
3785,46.259,1.5796
3786,46.25,1.5726
3787,46.268,1.5634
3788,46.268,1.559
3789,46.275,1.5571
3790,46.268,1.5496
3791,46.271,1.5424
3792,46.29,1.5381
3793,46.29,1.5336
3794,46.293,1.5247
3795,46.3,1.5196
3796,46.312,1.514
3797,46.293,1.5091
3798,46.321,1.5034
3799,46.287,1.4978
3800,46.29,1.4901
3801,46.303,1.4834
3802,46.321,1.4762
3803,46.337,1.4733
3804,46.324,1.4644
3805,46.318,1.4628
3806,46.315,1.4576
3807,46.321,1.4454
3808,46.328,1.4442
3809,46.334,1.4352
3810,46.365,1.4355
3811,46.337,1.4258
3812,46.352,1.4217
3813,46.334,1.415
3814,46.359,1.4053
3815,46.362,1.4002
3816,46.371,1.3949
3817,46.374,1.3936
3818,46.352,1.3831
3819,46.374,1.376
3820,46.371,1.3712
3821,46.384,1.3633
3822,46.393,1.3585
3823,46.402,1.3542
3824,46.39,1.3495
3825,46.381,1.3449
3826,46.371,1.3318
3827,46.393,1.3281
3828,46.39,1.3207
3829,46.424,1.3183
3830,46.405,1.312
3831,46.405,1.3061
3832,46.399,1.2998
3833,46.409,1.2954
3834,46.427,1.2907
3835,46.415,1.2818
3836,46.427,1.2743
3837,46.433,1.2741
3838,46.415,1.2619
3839,46.446,1.2566
3840,46.443,1.2495
3841,46.437,1.2465
3842,46.446,1.2394
3843,46.468,1.2312
3844,46.452,1.2283
3845,46.443,1.2215
3846,46.483,1.2171
3847,46.465,1.2086
3848,46.452,1.2027
3849,46.449,1.1952
3850,46.493,1.1918
3851,46.471,1.1855
3852,46.471,1.1779
3853,46.477,1.1738
3854,46.48,1.1698
3855,46.468,1.1583
3856,46.499,1.1533
3857,46.508,1.1514
3858,46.496,1.1437
3859,46.499,1.1368
3860,46.496,1.1324
3861,46.502,1.1229
3862,46.505,1.1144
3863,46.53,1.1091
3864,46.527,1.1068
3865,46.521,1.0993
3866,46.527,1.0927
3867,46.524,1.0854
3868,46.53,1.0765
3869,46.536,1.074
3870,46.53,1.0692
3871,46.564,1.0641
3872,46.521,1.0556
3873,46.53,1.0531
3874,46.542,1.0442
3875,46.561,1.0368
3876,46.555,1.0309
3877,46.558,1.0258
3878,46.549,1.018
3879,46.567,1.013
3880,46.549,1.0048
3881,46.577,1.0011
3882,46.586,0.99502
3883,46.589,0.9894
3884,46.577,0.984
3885,46.586,0.97506
3886,46.592,0.97189
3887,46.583,0.96168
3888,46.611,0.95548
3889,46.602,0.95069
3890,46.602,0.94421
3891,46.605,0.93734
3892,46.62,0.93117
3893,46.614,0.92907
3894,46.608,0.91892
3895,46.623,0.91329
3896,46.608,0.90998
3897,46.605,0.90172
3898,46.627,0.89522
3899,46.617,0.88905
3900,46.63,0.88314
3901,46.627,0.87393
3902,46.645,0.87053
3903,46.636,0.86164
3904,46.645,0.85659
3905,46.664,0.8516
3906,46.655,0.84543
3907,46.648,0.83758
3908,46.67,0.83073
3909,46.664,0.82609
3910,46.67,0.81986
3911,46.68,0.81255
3912,46.676,0.8069
3913,46.676,0.80188
3914,46.673,0.79271
3915,46.711,0.78865
3916,46.686,0.78177
3917,46.689,0.77542
3918,46.704,0.77302
3919,46.683,0.76347
3920,46.68,0.75712
3921,46.692,0.75246
3922,46.711,0.74667
3923,46.723,0.74047
3924,46.714,0.73429
3925,46.714,0.72849
3926,46.698,0.71875
3927,46.729,0.71068
3928,46.729,0.70654
3929,46.736,0.70089
3930,46.745,0.69634
3931,46.726,0.69009
3932,46.742,0.68407
3933,46.729,0.67702
3934,46.748,0.66676
3935,46.754,0.6634
3936,46.745,0.65576
3937,46.761,0.65011
3938,46.748,0.64623
3939,46.748,0.63586
3940,46.754,0.63051
3941,46.764,0.62677
3942,46.785,0.62126
3943,46.767,0.6122
3944,46.807,0.61084
3945,46.761,0.60503
3946,46.761,0.59245
3947,46.795,0.59006
3948,46.782,0.58151
3949,46.792,0.57448
3950,46.81,0.56845
3951,46.813,0.56648
3952,46.804,0.55866
3953,46.789,0.54889
3954,46.826,0.54728
3955,46.813,0.53688
3956,46.823,0.52872
3957,46.826,0.52707
3958,46.823,0.52328
3959,46.804,0.51305
3960,46.81,0.50573
3961,46.838,0.50167
3962,46.832,0.49556
3963,46.851,0.48741
3964,46.857,0.48804
3965,46.842,0.48058
3966,46.835,0.46992
3967,46.832,0.46428
3968,46.842,0.45906
3969,46.857,0.45253
3970,46.857,0.44643
3971,46.87,0.44313
3972,46.851,0.43526
3973,46.866,0.42689
3974,46.863,0.42049
3975,46.888,0.41518
3976,46.885,0.40645
3977,46.888,0.4044
3978,46.888,0.3985
3979,46.885,0.39135
3980,46.876,0.38602
3981,46.891,0.38005
3982,46.907,0.37209
3983,46.923,0.36845
3984,46.907,0.36251
3985,46.901,0.359
3986,46.91,0.35085
3987,46.894,0.34512
3988,46.888,0.33535
3989,46.919,0.33329
3990,46.935,0.32855
3991,46.926,0.32358
3992,46.932,0.31786
3993,46.913,0.31164
3994,46.923,0.3035
3995,46.919,0.29223
3996,46.969,0.29175
3997,46.929,0.28638
3998,46.947,0.27942
3999,46.954,0.27583
4000,46.947,0.26924
4001,46.941,0.26172
4002,46.979,0.25677
4003,46.972,0.25258
4004,46.96,0.24864
4005,46.957,0.24141
4006,46.966,0.24113
4007,46.941,0.22798
4008,46.957,0.22156
4009,46.991,0.22028
4010,46.979,0.21406
4011,46.985,0.20994
4012,46.982,0.20369
4013,46.982,0.20188
4014,46.966,0.19353
4015,46.991,0.1844
4016,47.0,0.18484
4017,47.007,0.17919
4018,46.991,0.17279
4019,47.013,0.16953
4020,47.003,0.16204
4021,46.997,0.15581
4022,47.013,0.15019
4023,47.044,0.15202
4024,47.003,0.14176
4025,47.025,0.1401
4026,47.025,0.13654
4027,47.01,0.13173
4028,47.01,0.12379
4029,47.013,0.1211
4030,47.028,0.11625
4031,47.028,0.11221
4032,47.035,0.10901
4033,47.028,0.10791
4034,47.019,0.099888
4035,47.025,0.095442
4036,47.035,0.09032
4037,47.041,0.087145
4038,47.069,0.085443
4039,47.035,0.081084
4040,47.056,0.079821
4041,47.032,0.072663
4042,47.05,0.069437
4043,47.056,0.065445
4044,47.066,0.061847
4045,47.075,0.06307
4046,47.06,0.056724
4047,47.047,0.050685
4048,47.069,0.05068
4049,47.047,0.045546
4050,47.072,0.044349
4051,47.069,0.04192
4052,47.066,0.043523
4053,47.047,0.040339
4054,47.063,0.034732
4055,47.069,0.033543
4056,47.053,0.027969
4057,47.088,0.027556
4058,47.069,0.028379
4059,47.075,0.025541
4060,47.066,0.020767
4061,47.069,0.019973
4062,47.081,0.021966
4063,47.078,0.017177
4064,47.081,0.015971
4065,47.078,0.017573
4066,47.06,0.01238
4067,47.094,0.011969
4068,47.075,0.0095773
4069,47.091,0.011576
4070,47.063,0.0071868
4071,47.088,0.0067844
4072,47.084,0.0087895
4073,47.075,0.0067924
4074,47.103,0.0079837
4075,47.078,0.0059912
4076,47.069,0.0043918
4077,47.072,0.0047915
4078,47.075,0.0015977
4079,47.081,0.0039934
4080,47.084,0.0015974
4081,47.081,0.0043953
4082,47.075,0.0027952
4083,47.072,0.0
4084,47.084,0.0
4085,47.1,0.00039952
4086,47.081,0.00039947
4087,47.088,0.0
4088,47.081,0.0
4089,47.084,0.0015969
4090,47.109,0.0003994
4091,47.091,0.00039976
4092,47.081,0.00079896
4093,47.075,0.00039922
4094,47.081,0.00039972
4095,47.088,0.0015954
4096,47.113,0.0019967
4097,47.097,0.00039932
4098,47.091,0.00079898
4099,47.084,0.0015974
4100,47.094,0.0
4101,47.097,0.0
4102,47.119,0.0015962
4103,47.088,0.0027955
4104,47.097,0.00079903
4105,47.078,0.00079927
4106,47.084,0.0015981
4107,47.091,0.0
4108,47.072,0.0007986
4109,47.081,0.00039969
4110,47.1,0.00079839
